"","pays","geometry"
"11","Allemagne",list(list(c(4264045.7861, 4275595.6987, 4283725.2587, 4283896.1924, 4288333.1447, 4316234.5786, 4323013.3192, 4319085.0871, 4331938.6363, 4332342.4547, 4343167.3697, 4367472.4155, 4381946.869, 4390844.8057, 4390645.6871, 4372181.0825, 4376161.4408, 4380328.6727, 4396674.5368, 4408136.5203, 4423356.6298, 4429140.0904, 4437250.1547, 4451511.6183, 4464496.873, 4469893.0551, 4480837.1098, 4485592.1508, 4500902.7307, 4513371.2936, 4527780.463, 4528706.8653, 4535563.0216, 4544994.0995, 4550707.3365, 4556445.3334, 
4552072.6155, 4559053.7228, 4541413.5279, 4537621.6573, 4548294.3775, 4570263.7138, 4580536.0203, 4589699.3487, 4598483.2636, 4598024.352, 4588287.0096, 4578179.4226, 4582769.8855, 4602819.3352, 4614776.206, 4616500.8036, 4613355.8654, 4611912.1713, 4599281.9924, 4600578.1602, 4600785.7205, 4620842.0239, 4629911.4213, 4635010.5798, 4629435.833, 4634821.9384, 4641594.9866, 4646802.7424, 4644664.8413, 4638869.7159, 4648733.7197, 4648590.561, 4651639.5701, 4663509.0138, 4667129.4074, 4671179.7913, 4670453.4995, 
4660255.7794, 4656689.7779, 4645979.1605, 4642535.2162, 4635755.0407, 4623550.1035, 4621387.4853, 4627727.3687, 4591245.1187, 4578743.5452, 4568654.6024, 4537781.5506, 4530540.3905, 4520888.6142, 4504645.4372, 4486763.788, 4470617.4435, 4475191.6471, 4482881.8697, 4504235.7551, 4494030.7503, 4508712.4248, 4511975.8365, 4511863.501, 4523849.1787, 4537950.7781, 4552189.4165, 4566903.9315, 4571071.8972, 4581003.231, 4603174.0754, 4600312.7748, 4601794.3668, 4596341.5215, 4580163.4093, 4574853.3708, 
4572402.1347, 4556759.1773, 4539906.5652, 4525936.167, 4534508.8895, 4535816.2831, 4544278.1402, 4540793.5769, 4552292.8902, 4550492.9887, 4541288.105, 4523482.8372, 4516279.3729, 4514603.5298, 4508981.8518, 4505273.5417, 4496572.345, 4486207.4402, 4484982.3548, 4484143.8027, 4475984.6641, 4443880.2947, 4438610.2199, 4427326.0555, 4428275.4441, 4397789.8457, 4395879.2241, 4387765.8142, 4355225.3652, 4353847.0923, 4334506.5766, 4335951.1025, 4329640.4778, 4320964.2509, 4318575.4584, 4287756.7698, 
4283009.0738, 4273199.0676, 4259528.3868, 4236373.7475, 4233994.481, 4230514.9305, 4221123.476, 4220591.6649, 4222677.9952, 4217105.1602, 4209278.4929, 4202593.1677, 4208122.1659, 4216341.3256, 4202525.6816, 4162515.1825, 4148792.7694, 4142867.4965, 4139577.4244, 4134652.9635, 4136889.5688, 4141914.8445, 4140555.6732, 4140622.8365, 4148737.4971, 4160390.073, 4170832.9875, 4191568.4299, 4179638.1773, 4168238.4449, 4148169.9397, 4137313.7149, 4129088.6479, 4119997.8747, 4109552.3712, 4097015.8405, 
4086500.5523, 4082335.1054, 4071243.3954, 4057554.6148, 4057987.0655, 4067417.1098, 4067410.8371, 4059668.9706, 4046925.3436, 4044953.8672, 4048907.9887, 4062196.5715, 4065087.3355, 4059686.3597, 4051084.0688, 4051137.8977, 4052889.3361, 4040360.1849, 4045944.8244, 4031952.4076, 4053685.3248, 4046900.0257, 4058181.0268, 4057039.0917, 4041680.6645, 4045797.8248, 4057369.1633, 4073465.7522, 4099530.4451, 4096822.6638, 4099187.3515, 4120624.0736, 4117731.1203, 4096766.4867, 4098287.6952, 4118393.6693, 
4125134.6445, 4132785.0691, 4133736.1552, 4135097.5522, 4134707.544, 4138750.3601, 4124185.5322, 4121277.0343, 4129867.485, 4140809.0508, 4159115.4608, 4176382.6543, 4188699.5052, 4194751.9664, 4198649.5596, 4192372.5107, 4201005.0361, 4207834.5233, 4204648.6749, 4207692.5372, 4225157.2102, 4223056.6606, 4224563.7012, 4234678.0746, 4241928.8764, 4256375.4655, 4273150.6539, 4268364.658, 4257082.5468, 4244479.204, 4252623.9521, 4244487.7718, 4245717.2721, 4235964.5096, 4248184.9151, 4246925.7617, 4234475.1658, 
4233488.6104, 4258605.7635, 4264045.7861, 3530123.4396, 3522976.0436, 3525288.9674, 3524315.6934, 3524216.9692, 3519061.3634, 3503397.4307, 3488950.168, 3480738.1951, 3471108.1204, 3480233.1231, 3466735.8474, 3474409.2826, 3468174.0684, 3454460.0075, 3440166.5328, 3431975.2262, 3428122.1577, 3434327.9735, 3427543.863, 3436786.9389, 3448396.5172, 3450669.6189, 3453830.8414, 3461970.9582, 3465507.3105, 3470528.954, 3484927.8539, 3476992.1879, 3484124.0569, 3480183.4024, 3497981.5914, 3509970.8967, 
3492979.1301, 3501564.1648, 3500907.238, 3489229.5325, 3477714.2607, 3469094.7148, 3459061.6147, 3450488.5975, 3456883.0176, 3438790.8825, 3439797.1226, 3432717.9909, 3425758.6513, 3425898.9054, 3421964.5979, 3414914.0064, 3407330.7161, 3366892.3253, 3359286.4309, 3352510.4653, 3337040.4631, 3324914.3197, 3317654.9337, 3311343.6555, 3294804.286, 3289187.7012, 3278092.2693, 3263563.6764, 3250189.3405, 3245783.1161, 3228426.8565, 3220609.5798, 3200743.5361, 3183370.4608, 3174085.7885, 3167292.4751, 
3162065.2311, 3151023.3308, 3141463.8574, 3125994.3281, 3095529.1429, 3089641.106, 3093185.0232, 3106768.6447, 3113254.6547, 3113763.4321, 3107484.9093, 3097149.4101, 3076094.8328, 3075177.8411, 3063911.0807, 3047790.2845, 3036694.3404, 3041381.0393, 3036024.5754, 3013232.9853, 3025026.0147, 3014233.6904, 2996472.5225, 2980138.6501, 2963467.4614, 2939910.5364, 2937497.2821, 2932678.5707, 2919958.3504, 2916604.9087, 2900592.4167, 2889394.7997, 2879894.6663, 2879001.467, 2858273.119, 2851666.636, 2840349.2882, 
2829133.7541, 2837016.5943, 2832082.2451, 2812302.7816, 2802949.1989, 2792493.4747, 2781511.5871, 2768916.1736, 2765181.807, 2754397.5816, 2739959.0245, 2733001.3611, 2716598.8374, 2714167.1464, 2733534.5822, 2731618.6977, 2727668.8101, 2727309.4643, 2731242.8058, 2734271.4107, 2734939.1503, 2730607.0041, 2725439.6026, 2724949.811, 2721225.5268, 2713203.2348, 2710091.6841, 2704501.0904, 2698611.8569, 2698559.6254, 2714092.2086, 2715902.9926, 2698354.5829, 2684074.9562, 2694906.7807, 2695636.5356, 
2707711.6807, 2714736.666, 2714352.1854, 2715444.9413, 2724032.5193, 2727259.0359, 2728832.4544, 2732777.0853, 2729845.2234, 2731035.9193, 2731159.9718, 2737378.7059, 2744025.8792, 2741411.8667, 2729327.7269, 2727166.0585, 2729173.4646, 2718363.0526, 2721450.2732, 2716636.1912, 2719235.8, 2722539.905, 2731311.9546, 2739716.5875, 2764471.1477, 2780969.7829, 2781605.5661, 2796455.1335, 2835147.0761, 2847105.0318, 2874149.0748, 2878090.5392, 2883501.2454, 2885085.8198, 2896832.4646, 2897694.3624, 2893175.6604, 
2897821.1248, 2904764.181, 2899317.7833, 2905956.7978, 2928770.9639, 2933924.9443, 2942804.6644, 2962504.6588, 2973721.5833, 2977268.9524, 2990433.5674, 3009232.5731, 3019413.7363, 3028851.8478, 3029745.6953, 3049366.0594, 3052481.4673, 3057496.277, 3064921.8695, 3079039.389, 3096437.1327, 3110464.2374, 3126266.0513, 3133097.6772, 3146140.6394, 3163340.8936, 3189693.834, 3198797.2816, 3205892.8657, 3196970.0598, 3207827.2938, 3220661.942, 3228125.1333, 3240894.5794, 3263041.4112, 3269198.3229, 3284897.711, 
3285247.0691, 3307187.4433, 3322862.3306, 3337487.7297, 3347254.7052, 3351905.1378, 3360935.3456, 3362808.3099, 3365453.7408, 3390038.6509, 3402702.4098, 3399130.22, 3402209.9498, 3401335.9901, 3393946.6743, 3382474.4178, 3379297.5225, 3368299.9952, 3373149.2844, 3383264.8229, 3389336.3411, 3380666.8516, 3389733.5267, 3410210.0795, 3421310.4599, 3415201.011, 3414615.2423, 3418070.157, 3419505.3093, 3419646.4652, 3435836.931, 3440982.5596, 3451536.7297, 3462796.1393, 3469598.5489, 3481971.7561, 3495857.6179, 
3523706.5862, 3534838.2576, 3530977.5772, 3530123.4396)), list(c(4403623.1194, 4394258.816, 4387696.0297, 4387485.086, 4389688.8488, 4399439.1443, 4403623.1194, 3479434.0421, 3478840.6799, 3483132.6404, 3489515.979, 3492030.2205, 3489700.9822, 3479434.0421)), list(c(4237139.5236, 4235612.4061, 4227347.624, 4227475.6991, 4237139.5236, 3495230.2847, 3486356.0234, 3489345.0956, 3493347.2528, 3495230.2847)), list(c(4229003.8638, 4223251.9808, 4216908.72, 4219941.7984, 4230618.9383, 4229003.8638, 3508826.0741, 
3508892.9224, 3513281.6061, 3517272.6189, 3516181.2557, 3508826.0741)), list(c(4224425.4342, 4219505.25, 4214281.519, 4220378.4225, 4224425.4342, 3433383.1241, 3423192.328, 3425957.2153, 3435455.504, 3433383.1241)), list(c(4216667.2131, 4210008.1892, 4214085.5471, 4216918.8383, 4216667.2131, 3530232.6409, 3530210.4722, 3543085.5823, 3540452.832, 3530232.6409)), list(c(4216619.8482, 4213302.5674, 4208949.6264, 4215232.5546, 4216619.8482, 3505754.1624, 3501355.1276, 3508184.1308, 3515859.4378, 3505754.1624
)), list(c(4186608.0992, 4184760.9399, 4177517.5182, 4183304.576, 4186608.0992, 3457344.2884, 3447808.0889, 3458239.1662, 3460844.2464, 3457344.2884)), list(c(4118238.4535, 4116017.1305, 4112019.4051, 4110205.1055, 4112927.4357, 4118238.4535, 3401743.074, 3391111.7907, 3395197.3741, 3401511.688, 3403585.7192, 3401743.074)), list(c(4106170.6773, 4108264.8815, 4099560.612, 4098480.7565, 4106170.6773, 3396772.1647, 3386486.0129, 3388556.1614, 3392325.1317, 3396772.1647)))
"5","Autriche",list(list(c(4742889.3682, 4783217.7976, 4802272.2919, 4826938.5917, 4832035.2254, 4833565.8273, 4827291.8119, 4839232.97, 4846489.8573, 4854633.2936, 4848182.9302, 4831130.8323, 4815471.18, 4802912.6987, 4821820.7984, 4821838.7709, 4806751.4306, 4812740.3546, 4810258.6542, 4800025.5971, 4786947.8336, 4778298.5133, 4781138.73, 4763403.3181, 4753009.4882, 4741993.602, 4734492.0673, 4708765.1297, 4696211.6099, 4687023.0636, 4680269.7605, 4672386.9882, 4661893.2821, 4606152.0705, 4589828.6003, 4530306.1988, 
4527096.498, 4510728.8305, 4485878.6379, 4484113.6426, 4491314.1298, 4483320.7127, 4456112.7988, 4444821.7107, 4409680.1316, 4396954.3264, 4371723.8826, 4356848.747, 4356980.1711, 4351049.2166, 4332066.8737, 4314190.2255, 4309306.0156, 4291125.0428, 4292201.6435, 4285464.4256, 4295362.8031, 4287756.7698, 4318575.4584, 4320964.2509, 4329640.4778, 4335951.1025, 4334506.5766, 4353847.0923, 4355225.3652, 4387765.8142, 4395879.2241, 4397789.8457, 4428275.4441, 4427326.0555, 4438610.2199, 4443880.2947, 
4475984.6641, 4484143.8027, 4484982.3548, 4486207.4402, 4496572.345, 4505273.5417, 4508981.8518, 4514603.5298, 4516279.3729, 4523482.8372, 4541288.105, 4550492.9887, 4552292.8902, 4540793.5769, 4544278.1402, 4535816.2831, 4534508.8895, 4525936.167, 4539906.5652, 4556759.1773, 4572402.1347, 4574853.3708, 4580163.4093, 4596341.5215, 4601794.3668, 4600312.7748, 4603174.0754, 4624277.1894, 4641505.7385, 4651663.9683, 4666960.763, 4671696.7353, 4683800.216, 4688408.7265, 4726983.6402, 4742889.3682, 2876362.7248, 
2866474.0179, 2876131.3415, 2867717.001, 2857836.8316, 2848880.9358, 2837437.8054, 2808802.6084, 2803511.3914, 2791782.4587, 2758424.0072, 2754284.3972, 2758594.6459, 2748897.5074, 2743038.7753, 2726165.9716, 2714374.6019, 2687723.0766, 2677111.2202, 2673793.8384, 2658724.925, 2654263.0853, 2636341.225, 2638817.9725, 2637824.3693, 2628691.839, 2630626.1513, 2628648.7771, 2623087.5218, 2610755.9064, 2604354.046, 2595156.8956, 2602363.9946, 2608175.0654, 2612229.3573, 2617285.8032, 2619689.6188, 2621660.5086, 
2647206.7285, 2656286.2589, 2664310.289, 2665352.2216, 2653784.0874, 2656889.1414, 2650942.1194, 2629033.0062, 2639102.1962, 2638051.4913, 2646951.0859, 2652336.4122, 2637515.7504, 2646299.66, 2655629.7526, 2660883.3063, 2670971.9764, 2684223.1037, 2698921.9992, 2714352.1854, 2714736.666, 2707711.6807, 2695636.5356, 2694906.7807, 2684074.9562, 2698354.5829, 2715902.9926, 2714092.2086, 2698559.6254, 2698611.8569, 2704501.0904, 2710091.6841, 2713203.2348, 2721225.5268, 2724949.811, 2725439.6026, 2730607.0041, 
2734939.1503, 2734271.4107, 2731242.8058, 2727309.4643, 2727668.8101, 2731618.6977, 2733534.5822, 2714167.1464, 2716598.8374, 2733001.3611, 2739959.0245, 2754397.5816, 2765181.807, 2768916.1736, 2781511.5871, 2792493.4747, 2802949.1989, 2812302.7816, 2832082.2451, 2837016.5943, 2829133.7541, 2840349.2882, 2851666.636, 2858273.119, 2839622.7403, 2837187.2099, 2845246.5511, 2841107.593, 2855478.0228, 2865231.0216, 2889033.969, 2881333.1932, 2876362.7248)))
"24","Espagne",list(list(c(3828319.814, 3831755.377, 3828465.2935, 3822952.3659, 3807677.7965, 3802365.5271, 3790516.319, 3791777.2917, 3788810.6111, 3791675.4624, 3801432.8333, 3821612.3188, 3828319.814, 1893178.9528, 1882079.5191, 1875906.8442, 1878160.8496, 1890013.65, 1892303.5123, 1892083.0294, 1899271.3668, 1902174.6487, 1905573.8594, 1906062.5946, 1904373.9762, 1893178.9528)), list(c(2954461.5583, 3013289.1179, 3050302.2615, 3062756.6448, 3084362.3361, 3099054.6741, 3150432.1084, 3203983.3314, 3208871.4484, 
3225979.4145, 3257969.7192, 3290874.4088, 3303924.7156, 3309102.9305, 3316621.8169, 3335345.1622, 3341910.6015, 3367335.8532, 3371028.6867, 3397694.8827, 3396567.6382, 3393238.9976, 3388515.9386, 3390329.3769, 3394195.745, 3401218.5362, 3415371.4922, 3446154.7122, 3448542.5567, 3457203.3002, 3478445.4934, 3500825.0139, 3523131.0829, 3540709.9435, 3555449.739, 3557679.9074, 3561960.8708, 3573288.5989, 3577063.0364, 3609712.7557, 3615953.851, 3618228.6633, 3618482.1468, 3640254.1414, 3640544.7919, 
3655306.1842, 3660408.1559, 3664048.0205, 3673437.6286, 3681186.2613, 3686031.4689, 3690084.2576, 3706422.2893, 3720277.7677, 3734728.6498, 3758412.626, 3760245.7863, 3765805.9444, 3754819.1127, 3752079.1904, 3755477.5606, 3756493.9699, 3720866.5916, 3718113.1552, 3711867.5022, 3676073.1564, 3656494.624, 3618795.3077, 3560982.0867, 3554229.3936, 3537171.0542, 3544879.4497, 3524875.1881, 3515777.0196, 3490688.4774, 3464903.8198, 3445577.743, 3429656.6892, 3435727.1776, 3447420.7984, 3462368.1603, 
3466165.0339, 3442210.1094, 3400287.2178, 3370291.3166, 3361644.0722, 3369678.4376, 3367103.2624, 3334567.1905, 3317613.2022, 3287208.5507, 3268069.1747, 3255997.3426, 3237192.9074, 3232252.2767, 3214156.2095, 3200489.4115, 3193702.4775, 3177464.6782, 3144922.6086, 3116522.7334, 3087263.7814, 3032080.7732, 3005452.5859, 2979256.8885, 2959122.3269, 2948813.8093, 2938041.8399, 2937628.3821, 2936959.9895, 2912435.4369, 2877930.6107, 2866078.4216, 2866474.3132, 2858686.7441, 2854846.4443, 2853140.566, 
2862160.935, 2848806.724, 2813537.6229, 2809582.5094, 2801477.6225, 2784352.9173, 2777974.267, 2776212.4311, 2809812.5754, 2830724.2677, 2841367.7414, 2825810.8137, 2814683.6944, 2830219.0868, 2843821.1442, 2856470.3656, 2845052.7489, 2839691.3216, 2836695.3062, 2822316.5429, 2866332.3019, 2884980.709, 2878534.2766, 2885229.6474, 2892686.537, 2900060.5026, 2909675.7777, 2904457.601, 2914970.0164, 2928114.7364, 2947304.8771, 2950367.1721, 2953674.0818, 2960288.4357, 2975581.5836, 2969246.9417, 2953281.2359, 
2951485.3585, 2921462.8127, 2907503.1932, 2901984.5719, 2883306.2031, 2859373.7472, 2831796.0873, 2822605.4909, 2822722.6855, 2832880.0038, 2828168.7161, 2792762.2869, 2767741.0801, 2772997.4927, 2782898.7396, 2780793.969, 2786763.5148, 2784755.2191, 2799517.014, 2774322.6575, 2777221.4427, 2780986.4644, 2769061.5746, 2772613.3076, 2766202.4473, 2779797.0932, 2805072.3153, 2852337.91, 2854181.1826, 2860187.5772, 2890090.4827, 2906664.986, 2924764.3368, 2937503.8036, 2954461.5583, 2426794.9992, 2416326.1071, 
2416381.2411, 2403338.0357, 2398767.9298, 2387047.762, 2367561.8841, 2367327.0883, 2361436.1776, 2365608.3013, 2342918.4885, 2347125.3575, 2338002.3612, 2334397.8362, 2329179.4542, 2322916.2401, 2323169.1314, 2324216.1876, 2317520.1096, 2309107.6442, 2301239.6446, 2295071.6588, 2290867.5961, 2286691.9133, 2284662.8965, 2288232.7707, 2280546.2672, 2264004.4198, 2261149.1261, 2250825.018, 2251519.4611, 2231742.1478, 2228802.372, 2226544.1711, 2223671.0808, 2235782.8008, 2241030.5995, 2236521.7369, 
2234734.1953, 2219408.9433, 2209881.0535, 2206417.9882, 2188579.0367, 2192873.1951, 2191503.1957, 2185601.0467, 2179076.1117, 2174432.6453, 2177697.3173, 2180404.6229, 2177990.9367, 2175976.285, 2167894.0473, 2172970.5816, 2178306.6994, 2173293.2491, 2169221.2118, 2156838.3693, 2149590.1308, 2147787.9149, 2123462.0579, 2116248.8888, 2091474.8175, 2089575.7194, 2087138.4318, 2073323.0783, 2056307.2822, 2049423.9584, 2037602.0504, 2031530.918, 2016267.8693, 2001026.2443, 1995630.4362, 1986674.8183, 
1958015.8791, 1928862.1249, 1906510.6091, 1874378.4092, 1836388.9972, 1813123.348, 1804751.636, 1796319.358, 1781175.4536, 1756269.9427, 1707909.2694, 1695285.1344, 1687580.0744, 1680821.8453, 1682762.9674, 1683836.7769, 1667564.673, 1649850.582, 1624571.2421, 1609054.7043, 1604995.2163, 1618181.7508, 1619358.5002, 1616416.4267, 1609413.3414, 1621046.3415, 1620527.6883, 1629828.3534, 1637043.5696, 1619652.3681, 1622253.4109, 1617990.6207, 1608501.5981, 1592776.9706, 1592928.1324, 1593056.5219, 1583469.9606, 
1609838.784, 1635342.1694, 1655183.3268, 1662786.0694, 1665692.8609, 1675704.5294, 1681571.7459, 1705528.4608, 1736579.7867, 1739366.3707, 1741301.6706, 1743262.5915, 1743031.7994, 1783297.5351, 1825151.628, 1828966.91, 1845643.4425, 1846890.8709, 1880101.0756, 1909755.1044, 1917402.0711, 1935613.6271, 1948555.6506, 1967475.0246, 1988343.274, 2015259.6797, 2007702.5895, 2036259.3658, 2058737.0286, 2068270.8232, 2068076.5185, 2076678.8945, 2128364.2321, 2151677.7938, 2152224.6539, 2166294.6163, 2172124.7914, 
2172482.1494, 2176456.5596, 2179024.372, 2196387.2987, 2208467.8522, 2217667.3328, 2243667.4395, 2255028.6383, 2258468.3349, 2249097.1274, 2247534.3864, 2261749.4075, 2259162.0669, 2261163.0436, 2273363.4974, 2283735.9596, 2298249.0389, 2295351.0687, 2281168.1222, 2304416.7413, 2318620.7734, 2324281.2563, 2333587.2589, 2342963.995, 2366660.8057, 2359149.9544, 2373844.0162, 2380115.5914, 2387610.0653, 2397702.6198, 2409964.9421, 2427419.2749, 2436826.2998, 2431867.0346, 2446264.8859, 2452219.0574, 
2464326.1389, 2459935.7008, 2453330.839, 2435257.6955, 2426794.9992)), list(c(3726382.1261, 3730414.3613, 3734295.4128, 3737936.4693, 3731377.8333, 3740214.6386, 3748858.2051, 3757871.5316, 3757034.2986, 3752368.1094, 3751760.4185, 3741940.6074, 3734931.4854, 3718623.4354, 3711577.1662, 3696827.7762, 3692296.5404, 3695026.5804, 3685234.5506, 3676974.0291, 3674578.9213, 3668713.4066, 3659580.1798, 3682980.9892, 3690790.1625, 3700776.0917, 3706405.87, 3715968.6772, 3726382.1261, 1896642.6159, 1890315.9437, 
1894128.9181, 1891230.5271, 1880088.3672, 1874412.6219, 1880120.701, 1874487.7174, 1864909.6042, 1862866.753, 1857080.9583, 1848655.0795, 1833876.3726, 1824912.0477, 1836179.3649, 1837746.7937, 1850647.133, 1853492.8345, 1861479.3402, 1857335.3908, 1850448.4478, 1858151.319, 1865157.6976, 1878398.4638, 1885943.8129, 1891976.512, 1892173.1591, 1897562.1943, 1896642.6159)), list(c(3575443.8763, 3571680.1606, 3566991.1586, 3558719.3058, 3554985.3798, 3564558.472, 3564367.6914, 3570842.2832, 3586342.4798, 
3590531.6638, 3591982.8381, 3583260.3138, 3575443.8763, 1800752.185, 1792466.8054, 1796850.2527, 1796444.8714, 1807803.2934, 1807908.0046, 1814363.4135, 1818529.0071, 1821320.1421, 1818722.8866, 1811736.5111, 1803252.463, 1800752.185)), list(c(3574250.3325, 3580042.4294, 3585604.5378, 3588318.3995, 3580120.9087, 3575790.3418, 3567513.3428, 3567540.7784, 3574250.3325, 1783873.7968, 1775028.9561, 1778976.446, 1769651.0345, 1767306.3403, 1775014.3634, 1769872.3567, 1776018.0287, 1783873.7968)), list(
    c(3137230.7941, 3138683.0117, 3135149.327, 3137230.7941, 1462498.6923, 1457044.2985, 1459467.6846, 1462498.6923)), list(c(2932713.4832, 2932255.1628, 2929629.6896, 2930066.1143, 2931211.3844, 2932473.4206, 2933031.2269, 2933225.5185, 2933290.7329, 2933221.776, 2933024.2804, 2932713.4832, 1562845.4328, 1562345.8067, 1567615.6918, 1567858.0933, 1567705.1435, 1566453.7274, 1565434.2451, 1564928.4851, 1564373.4309, 1563811.3403, 1563288.3474, 1562845.4328)), list(c(1998040.3349, 1991696.959, 1984037.1175, 
1990007.7984, 1992246.4935, 2001492.5551, 2017109.1686, 2024978.0398, 2028820.3072, 2031999.8692, 2036429.9461, 2030254.0312, 2027246.2971, 2018318.4442, 1998040.3349, 1014751.3993, 1009282.5897, 1017181.9224, 1020108.4546, 1028571.8091, 1033810.6579, 1035431.8351, 1034047.6022, 1045428.9396, 1045730.1616, 1037074.8133, 1030529.907, 1018957.2367, 1014758.0013, 1014751.3993)), list(c(1932337.1305, 1918620.9321, 1911409.1393, 1923305.8339, 1934667.0895, 1938886.0386, 1947082.8412, 1952370.8269, 1962098.517, 
1967046.4262, 1980375.6992, 1983838.8954, 1982121.3236, 1974923.9054, 1974893.7883, 1964337.4569, 1953730.3254, 1932337.1305, 950700.2115, 941493.0229, 948476.843800001, 951768.640799999, 957474.0111, 968020.7048, 977816.139599999, 980387.5133, 991190.413899999, 1003390.6007, 1003979.1714, 999363.067500001, 984370.113700001, 973864.2598, 966925.225400001, 951487.6757, 949131.068700001, 950700.2115)), list(c(1806466.1815, 1789591.9085, 1783090.4673, 1774627.3607, 1772503.8549, 1774148.9206, 1789244.8821, 
1792227.2828, 1808546.7144, 1817765.4977, 1815962.4369, 1818758.4514, 1813382.0388, 1806466.1815, 950629.763, 948918.753699999, 952772.1812, 965540.251599999, 975054.135299999, 981322.6527, 989418.819499999, 995796.875700001, 990605.335100001, 981331.203600001, 975771.4385, 968574.101299999, 954958.817399999, 950629.763)), list(c(1761525.2855, 1762852.8541, 1751279.3204, 1736375.8902, 1733958.3796, 1725234.7041, 1723400.898, 1709107.1827, 1692774.8716, 1692119.0189, 1686531.8044, 1687766.2023, 1684115.3106, 
1692628.5781, 1699386.0545, 1707520.211, 1722176.3446, 1739061.0346, 1745992.6389, 1754650.7434, 1761525.2855, 1056870.043, 1050012.6354, 1048612.3895, 1041420.9565, 1033714.5425, 1025277.4053, 1019709.2844, 1010816.2667, 1014204.5532, 1023366.5509, 1039270.1934, 1044598.5005, 1056381.2501, 1058532.3401, 1053712.8876, 1054138.6276, 1050943.3851, 1059872.2593, 1061104.7149, 1056686.54, 1056870.043)), list(c(1646746.4391, 1642341.3238, 1634856.2115, 1641143.4419, 1647006.9425, 1658656.5053, 1658779.9888, 
1646746.4391, 1032028.4854, 1033209.1158, 1045437.9369, 1055642.9526, 1055051.6026, 1042946.3311, 1036148.9052, 1032028.4854)), list(c(1611376.0359, 1600838.73, 1595324.4896, 1594687.4923, 1605241.9409, 1617907.5476, 1619829.009, 1613552.614, 1611376.0359, 1109280.6372, 1099674.9164, 1126236.909, 1139043.1416, 1144581.5713, 1137752.5005, 1125647.067, 1120393.5055, 1109280.6372)), list(c(1576915.8542, 1566711.5782, 1560865.5655, 1556543.3589, 1546821.2239, 1551338.4687, 1556772.6711, 1574270.1664, 
1576915.8542, 1033866.5909, 1026421.7804, 1018609.7665, 1026867.9671, 1034447.2379, 1038430.0157, 1034253.3535, 1039380.2324, 1033866.5909)))
"1","France",list(list(c(9954236.1162, 9961022.5883, 9962207.5849, 9966368.8737, 9981217.183, 10004105.814, 10011115.9914, 10026276.2776, 10022438.8638, 10023263.5454, 10019371.9826, 10004542.5012, 9982971.7732, 9968774.5965, 9963428.8608, 9962512.987, 9954236.1162, -3059379.3164, -3052221.3084, -3043952.4389, -3042731.9553, -3029077.4119, -3022000.3823, -3029614.9675, -3037765.7118, -3047511.6345, -3054383.3331, -3059478.1809, -3069371.0194, -3075439.1478, -3076354.2174, -3074007.5577, -3067589.0903, -3059379.3164
)), list(c(8737673.1691, 8730534.707, 8725005.3342, 8727773.3464, 8722225.1893, 8722328.1778, 8715127.6587, 8720954.6415, 8728685.4551, 8738366.9367, 8737673.1691, -2781863.5176, -2796912.1023, -2798337.3146, -2787602.3579, -2785917.261, -2777185.2276, -2775650.1951, -2768056.2412, -2771597.0117, -2769577.514, -2781863.5176)), list(c(4204641.5904, 4218982.0399, 4231319.7036, 4247173.9882, 4262693.1189, 4267956.9877, 4272726.9737, 4277160.8569, 4279529.9571, 4281636.9375, 4283217.6996, 4275779.8531, 
4271177.4068, 4269200.5387, 4266947.6212, 4254394.2836, 4222844.972, 4220326.7913, 4225270.7096, 4210676.5687, 4204641.5904, 2142132.0299, 2162323.2841, 2170252.6466, 2178937.1284, 2179540.6672, 2203511.7971, 2206568.5271, 2198929.6068, 2169742.4984, 2144027.552, 2124880.8871, 2098088.0388, 2084154.0125, 2063100.6881, 2057943.9749, 2033308.867, 2050157.67, 2058514.3307, 2063613.5945, 2094896.5562, 2142132.0299)), list(c(3767290.5777, 3781813.0761, 3799789.3935, 3800998.5786, 3802065.4765, 3803955.8709, 
3817784.9421, 3829391.7752, 3835046.9454, 3840321.6636, 3844678.0126, 3847376.6117, 3863949.8622, 3868536.232, 3871119.5032, 3871760.4505, 3874198.5287, 3896518.9996, 3898139.7985, 3906668.8485, 3906801.6226, 3901203.5386, 3907618.9148, 3921742.4297, 3938651.0985, 3949420.655, 3953226.9939, 3948981.2668, 3952076.8313, 3959123.5233, 3971752.434, 3988312.6209, 3993083.8807, 4012456.5083, 4018497.2259, 4023633.5629, 4057554.6148, 4071243.3954, 4082335.1054, 4086500.5523, 4097015.8405, 4109552.3712, 
4119997.8747, 4129088.6479, 4137313.7149, 4148169.9397, 4168238.4449, 4179638.1773, 4191568.4299, 4170832.9875, 4160390.073, 4148737.4971, 4140622.8365, 4140555.6732, 4141914.8445, 4136889.5688, 4134652.9635, 4139577.4244, 4136938.8966, 4133383.9403, 4123319.4144, 4111415.3852, 4104716.9884, 4090009.1479, 4089614.7381, 4095928.0727, 4082730.7679, 4051584.483, 4050888.773, 4046573.5471, 4024713.6202, 4018233.3856, 4024036.8117, 4022416.0926, 4008290.6636, 4030112.0299, 4029619.3168, 4052007.391, 4076472.881, 
4074932.2624, 4091539.9585, 4072064.4949, 4085303.2195, 4087227.4831, 4094309.332, 4098609.7854, 4092693.4159, 4055455.9967, 4066234.9737, 4084110.9975, 4088123.4882, 4078566.3036, 4072122.9083, 4072437.7837, 4083816.1287, 4111223.4917, 4128813.4474, 4137476.9604, 4121458.9529, 4121719.5385, 4114290.4916, 4114147.2435, 4112151.4202, 4112096.3047, 4111882.3719, 4112306.9739, 4092257.2125, 4076029.7181, 4072166.4118, 4069493.8503, 4054822.291, 4046956.2888, 4018580.7866, 3980633.0071, 3968344.3808, 
3946427.328, 3939369.9985, 3920510.0572, 3906706.6556, 3888001.3506, 3877283.6517, 3853357.7374, 3848082.5643, 3843684.6764, 3831268.0241, 3828212.7479, 3818171.538, 3805340.3388, 3796970.6223, 3771048.433, 3754921.0192, 3751465.3564, 3750880.7179, 3749728.2848, 3749394.111, 3758412.626, 3734728.6498, 3720277.7677, 3706422.2893, 3690084.2576, 3686031.4689, 3681186.2613, 3673437.6286, 3664048.0205, 3660408.1559, 3655306.1842, 3640544.7919, 3640254.1414, 3645972.8148, 3628547.9703, 3625600.7516, 3623704.6366, 
3618228.6633, 3615953.851, 3609712.7557, 3577063.0364, 3573288.5989, 3561960.8708, 3557679.9074, 3555449.739, 3540709.9435, 3523131.0829, 3500825.0139, 3478445.4934, 3457203.3002, 3448542.5567, 3446154.7122, 3415371.4922, 3401218.5362, 3394195.745, 3390329.3769, 3388515.9386, 3393238.9976, 3396567.6382, 3397694.8827, 3371028.6867, 3367335.8532, 3391140.7709, 3411475.3307, 3427515.4086, 3433379.4757, 3441889.3049, 3434539.1113, 3452250.7569, 3459690.2664, 3477515.7921, 3482989.9302, 3475966.6146, 
3451605.6497, 3444373.9715, 3447456.4271, 3454634.7149, 3458852.6636, 3464622.9279, 3460121.3763, 3470684.1573, 3466831.1622, 3462283.9389, 3458830.2544, 3447134.0015, 3419172.7732, 3413560.957, 3401617.5904, 3398403.9153, 3403352.0643, 3414068.515, 3406700.1888, 3402141.9994, 3402432.7409, 3381196.3956, 3380569.5888, 3385828.4148, 3382819.8948, 3377566.8627, 3361016.0007, 3321851.76, 3313967.4145, 3256035.6268, 3243360.997, 3261332.2099, 3253564.305, 3258413.9875, 3239402.7895, 3236965.2208, 3245237.564, 
3273025.4077, 3294344.233, 3320985.1767, 3332479.2541, 3360606.3951, 3388341.3696, 3397380.7688, 3402874.7329, 3416184.0023, 3433166.0506, 3445720.1902, 3456266.1029, 3471713.9855, 3477426.5061, 3474693.8165, 3477351.6093, 3468680.8799, 3468634.5266, 3508635.023, 3508665.9935, 3515982.0009, 3528849.2291, 3583090.6971, 3616677.6998, 3619366.6593, 3620284.824, 3622092.3521, 3622545.9462, 3624477.4005, 3624769.7536, 3627486.5836, 3628936.2035, 3631727.0429, 3632796.9621, 3633498.6687, 3634198.4247, 
3634898.5848, 3635825.0304, 3636232.8266, 3637088.8141, 3638396.3637, 3639115.7226, 3639726.4897, 3640022.8546, 3640711.9611, 3641032.6031, 3641496.3716, 3642164.207, 3642709.2997, 3642530.4278, 3642075.9854, 3641052.934, 3640029.2439, 3639009.9048, 3637716.3193, 3637377.7827, 3636757.2021, 3636211.4082, 3635682.649, 3635428.4123, 3634837.9834, 3634297.9997, 3633505.331, 3632961.5944, 3631819.6597, 3629777.844, 3629556.4183, 3628718.4929, 3627232.9735, 3626136.1129, 3625445.1636, 3624131.2352, 3622542.6918, 
3620154.6196, 3618090.3063, 3617662.756, 3617174.0468, 3605590.9785, 3613155.1971, 3621150.0601, 3705361.3971, 3722738.5106, 3721078.9445, 3727768.7655, 3723997.7042, 3731334.6885, 3767290.5777, 3128769.7854, 3131655.1123, 3135288.8575, 3125219.9061, 3115282.9074, 3105280.813, 3090853.985, 3097020.7088, 3097095.6535, 3094043.8907, 3088813.8804, 3067260.2843, 3062907.0984, 3061788.4676, 3058361.0966, 3051082.3097, 3043050.4313, 3044671.3225, 3042375.0495, 3030336.4782, 3012746.9146, 3001917.1602, 
2999071.3099, 2996168.7018, 3000784.0793, 3017233.0234, 3014546.5687, 2997537.0344, 2979219.8595, 2977871.6418, 2967666.1933, 2955361.1799, 2941704.5809, 2945942.9269, 2945664.4036, 2939874.9433, 2933924.9443, 2928770.9639, 2905956.7978, 2899317.7833, 2904764.181, 2897821.1248, 2893175.6604, 2897694.3624, 2896832.4646, 2885085.8198, 2883501.2454, 2878090.5392, 2874149.0748, 2847105.0318, 2835147.0761, 2796455.1335, 2781605.5661, 2780969.7829, 2764471.1477, 2739716.5875, 2731311.9546, 2722539.905, 
2719812.1586, 2713039.7738, 2705527.9357, 2705785.8334, 2714128.7833, 2707007.7287, 2700541.7174, 2695439.0349, 2677464.1922, 2653202.8627, 2644010.0565, 2633336.8391, 2612631.9044, 2597241.825, 2591969.0945, 2586011.9647, 2566176.7631, 2572259.6481, 2585045.5177, 2599217.4837, 2595665.6992, 2565753.8264, 2538951.4132, 2523773.428, 2506413.6849, 2493525.1366, 2488413.2, 2481039.6925, 2462257.8543, 2450215.5264, 2426072.122, 2418025.3435, 2404818.9069, 2398682.6089, 2384338.9679, 2366359.4788, 2351706.7597, 
2338468.2438, 2340011.1701, 2330752.1697, 2312169.3751, 2300472.598, 2296841.2978, 2297136.0013, 2295312.8973, 2294997.0958, 2294742.4174, 2294346.331, 2285990.0834, 2271942.0628, 2268612.8675, 2264447.5694, 2258757.4274, 2236093.4489, 2229741.6142, 2226726.3295, 2240334.9469, 2245301.6717, 2259005.0636, 2260935.9663, 2271088.331, 2266051.8185, 2275377.5485, 2279282.4799, 2285418.1499, 2290546.8387, 2288756.3782, 2287000.9457, 2280041.7776, 2274483.8541, 2267240.1186, 2258657.5887, 2236365.9635, 
2218747.8961, 2214760.5529, 2196007.4173, 2190551.449, 2173293.2491, 2178306.6994, 2172970.5816, 2167894.0473, 2175976.285, 2177990.9367, 2180404.6229, 2177697.3173, 2174432.6453, 2179076.1117, 2185601.0467, 2191503.1957, 2192873.1951, 2199964.7068, 2208448.9991, 2209891.0914, 2208996.6191, 2206417.9882, 2209881.0535, 2219408.9433, 2234734.1953, 2236521.7369, 2241030.5995, 2235782.8008, 2223671.0808, 2226544.1711, 2228802.372, 2231742.1478, 2251519.4611, 2250825.018, 2261149.1261, 2264004.4198, 2280546.2672, 
2288232.7707, 2284662.8965, 2286691.9133, 2290867.5961, 2295071.6588, 2301239.6446, 2309107.6442, 2317520.1096, 2324216.1876, 2340602.3645, 2396181.231, 2440388.0063, 2455709.2936, 2462445.213, 2476411.9881, 2550232.0728, 2553540.2353, 2526078.8813, 2528820.6995, 2547758.1476, 2575294.9279, 2603777.8163, 2608184.3538, 2593333.2862, 2595338.0004, 2611586.7388, 2628415.5095, 2642070.1462, 2642321.5106, 2642621.5476, 2639126.8078, 2648028.465, 2669259.6678, 2688276.4767, 2707202.1628, 2712325.1824, 
2718136.7761, 2730767.9807, 2739210.4696, 2744452.2721, 2758079.597, 2766640.1958, 2775659.1999, 2782799.1965, 2790401.834, 2790914.5189, 2792563.0097, 2820987.257, 2836014.1533, 2850329.2717, 2874328.634, 2883762.016, 2896755.4146, 2905019.4968, 2913563.5, 2921121.9929, 2934118.7146, 2940908.4982, 2941353.0628, 2931509.0515, 2946166.32, 2947084.2635, 2906712.5422, 2909317.9573, 2910910.1205, 2914794.3438, 2904254.2972, 2911479.9929, 2902938.2949, 2901644.0762, 2906667.1702, 2922744.2257, 2959657.6711, 
2990346.12, 3019845.0456, 3013300.587, 2994582.9423, 2973170.9477, 2978855.719, 2959635.5232, 2969691.3659, 2970507.3045, 2970520.1513, 2970551.7588, 2970597.6438, 2970793.4968, 2970807.5141, 2971287.038, 2971889.65, 2973207.3943, 2973713.0035, 2974079.8201, 2974271.8739, 2974316.2621, 2973961.6654, 2973544.4154, 2972050.0638, 2969923.1053, 2968757.1848, 2968098.8446, 2967842.3789, 2967446.8523, 2967367.9938, 2967273.8917, 2967329.3877, 2967565.8258, 2967742.3074, 2967876.3112, 2967879.6274, 2968411.1546, 
2969673.5517, 2971890.9236, 2972473.2207, 2973541.0523, 2974283.0167, 2974706.4072, 2974782.5849, 2974959.5716, 2975006.4949, 2974824.4277, 2974519.9743, 2973929.1835, 2972873.5219, 2972790.8273, 2972546.1622, 2972223.614, 2972127.3256, 2972066.812, 2972113.6637, 2972336.1937, 2972857.2151, 2973292.3572, 2972681.6254, 2972837.8931, 2982529.5682, 2998340.5061, 3003786.1991, 3030981.6422, 3045275.9183, 3058589.2269, 3060350.0757, 3072469.2056, 3114899.5102, 3128769.7854)), list(c(3439459.7815, 3441784.1859, 
3444146.8319, 3443519.4274, 3441161.3916, 3439459.7815, 2634601.4176, 2637221.4915, 2636723.419, 2632665.5268, 2631239.9758, 2634601.4176)), list(c(3439459.7815, 3438400.4412, 3433338.3164, 3431571.6885, 3436451.1431, 3440030.9277, 3439459.7815, 2634601.4176, 2632997.1739, 2634041.9885, 2639997.7584, 2641098.4458, 2635761.9574, 2634601.4176)), list(c(3388021.1328, 3395054.2849, 3394690.0045, 3390746.5155, 3387308.9746, 3388021.1328, 2736624.3467, 2736056.4464, 2727648.7843, 2725384.1058, 2729792.4727, 
2736624.3467)), list(c(3324364.4259, 3325830.4491, 3332414.3687, 3334275.5989, 3326432.6053, 3324364.4259, 2782891.0628, 2786632.2013, 2782661.5982, 2774248.7877, 2775784.1378, 2782891.0628)), list(c(-2653298.5966, -2685642.7041, -2709008.8101, -2713128.3684, -2733076.0195, -2751087.0729, -2792439.9526, -2807511.9122, -2823672.4431, -2798996.0945, -2771840.4513, -2751540.9379, -2733495.2849, -2719252.8895, -2728135.5569, -2719483.4867, -2702844.8428, -2689030.6931, -2629938.9272, -2622977.2831, -2615537.7287, 
-2586652.1491, -2566024.6419, -2546581.4444, -2521241.7297, -2486884.4569, -2488343.4561, -2487521.2583, -2495404.1226, -2590323.4153, -2637648.4575, -2653298.5966, 577298.756899999, 580691.187799999, 606786.9005, 626993.495300001, 638407.4849, 669794.941199999, 679109.512399999, 699433.412599999, 738972.684, 737065.535499999, 751780.418299999, 789249.543500001, 793622.2785, 810121.6766, 885660.529200001, 934261.8642, 980402.380999999, 994932.404999999, 1011812.3565, 1020475.2162, 1016266.2247, 962559.694700001, 
936266.8408, 902265.521600001, 808180.2695, 732099.751399999, 702199.4922, 670083.0701, 657048.4132, 626413.5385, 582740.262499999, 577298.756899999)), list(c(-2578720.9851, -2576089.9283, -2572244.731, -2573843.2384, -2578720.9851, 3003978.6108, 3006749.2366, 3005457.9671, 2998361.4504, 3003978.6108)), list(c(-2588116.4424, -2580294.4731, -2579105.3195, -2585094.2601, -2580080.768, -2582951.7003, -2600162.3056, -2605393.3188, -2615505.3164, -2624733.9404, -2631875.6846, -2628768.7272, -2619564.18, 
-2617462.0307, -2607381.205, -2602876.6622, -2591861.1912, -2588116.4424, 2717721.3352, 2716862.4119, 2707702.7069, 2692907.8379, 2678423.2394, 2673810.3275, 2688304.9308, 2702559.4013, 2683719.4806, 2682449.3209, 2688511.9481, 2704294.1167, 2719364.937, 2727013.6557, 2728810.8106, 2708377.179, 2704889.9181, 2717721.3352)), list(c(-2602069.3939, -2609955.8969, -2608989.6178, -2599849.5007, -2598982.0804, -2602069.3939, 2636482.4078, 2640744.9467, 2653901.3932, 2654305.9391, 2639612.9967, 2636482.4078
)), list(c(-2672729.7385, -2662962.443, -2658645.2627, -2659624.8539, -2655544.1554, -2660908.969, -2666046.8449, -2675756.877, -2674186.6756, -2685202.0245, -2681634.1257, -2674420.3599, -2678522.4006, -2674006.4441, -2672729.7385, 2542952.7317, 2539548.3707, 2524707.7486, 2509216.5968, 2504980.9844, 2493864.0853, 2471176.1954, 2469487.1244, 2478994.7515, 2496239.9753, 2502585.296, 2499303.4479, 2519413.4433, 2531477.5676, 2542952.7317)))
"22","Grece",list(list(c(5933660.5925, 5921979.4722, 5915462.8656, 5925404.7264, 5946561.4456, 5953647.2643, 5947439.2075, 5933660.5925, 1621535.4983, 1614681.0749, 1638680.3996, 1661186.5862, 1677672.0736, 1676609.1986, 1638260.2508, 1621535.4983)), list(c(5920640.9568, 5912694.1052, 5906374.5031, 5911263.9591, 5920640.9568, 1690173.3413, 1684467.7729, 1693841.6886, 1696065.9906, 1690173.3413)), list(c(5883006.439, 5879707.9674, 5873254.0562, 5875883.9955, 5873815.2634, 5868309.8654, 5872451.249, 5874530.9237, 
5873145.1762, 5877107.3533, 5879420.9214, 5876029.6356, 5883613.9869, 5883006.439, 1553358.088, 1548147.2857, 1549091.6651, 1554129.3731, 1560995.0415, 1565616.401, 1571898.7337, 1581980.4103, 1590086.2513, 1591363.8932, 1583260.6893, 1569070.2843, 1562861.6029, 1553358.088)), list(c(5880041.3848, 5873392.5513, 5869254.5448, 5868531.8874, 5876390.9266, 5880041.3848, 1664295.424, 1657010.2555, 1659417.9002, 1664781.4009, 1669055.9577, 1664295.424)), list(c(5851958.6672, 5846751.4992, 5837995.6177, 
5842337.8638, 5859405.9852, 5867396.3527, 5851958.6672, 1698496.2298, 1691361.1968, 1692725.1353, 1701243.1877, 1712928.9872, 1708257.6492, 1698496.2298)), list(c(5865270.9964, 5857578.7044, 5852308.6413, 5857646.9883, 5865270.9964, 1543564.931, 1532445.0809, 1534348.7218, 1545044.0588, 1543564.931)), list(c(5862443.0026, 5860350.6308, 5851258.2174, 5850874.1822, 5858252.3593, 5862443.0026, 1674630.5954, 1670711.6021, 1671153.9878, 1677219.7904, 1680282.3985, 1674630.5954)), list(c(5839244.0754, 
5836485.8025, 5830359.4149, 5829825.9364, 5834801.6928, 5839244.0754, 1684637.4646, 1679475.7024, 1683151.4113, 1690204.2995, 1693077.9389, 1684637.4646)), list(c(5836917.7976, 5829156.7948, 5824821.0523, 5830946.3092, 5837645.7379, 5836917.7976, 1712180.8171, 1706611.0158, 1711427.0589, 1718911.1737, 1717231.9276, 1712180.8171)), list(c(5827120.4666, 5821112.8656, 5812528.902, 5820422.437, 5827120.4666, 1765322.6528, 1760405.1023, 1766453.7472, 1771318.4822, 1765322.6528)), list(c(5815758.1249, 
5804158.1099, 5783988.7633, 5782514.4412, 5795375.7438, 5814827.0019, 5815758.1249, 1793010.4512, 1783033.2487, 1786166.3588, 1787758.5467, 1799321.0358, 1796699.7471, 1793010.4512)), list(c(5808018.1938, 5799855.7036, 5801422.0976, 5810136.4067, 5808018.1938, 1738195.7264, 1733714.269, 1746137.6465, 1745422.7565, 1738195.7264)), list(c(5627380.4724, 5681341.6688, 5704013.3676, 5733951.1581, 5751571.267, 5764009.2803, 5800851.7249, 5806135.391, 5795372.8292, 5745263.3618, 5711386.1309, 5677057.6504, 
5668625.7005, 5627846.1983, 5565694.9977, 5557091.6556, 5558157.2129, 5568964.9073, 5570521.6475, 5581626.8473, 5609600.9152, 5613905.4516, 5627380.4724, 1488246.1392, 1504584.7501, 1502217.0825, 1502941.8565, 1508827.4203, 1489555.0969, 1510545.1417, 1503866.522, 1483737.9206, 1470711.8471, 1459741.4561, 1451573.0509, 1466862.6847, 1468433.8955, 1463820.8106, 1473452.4551, 1494646.0714, 1496091.1925, 1511742.5095, 1500196.4741, 1509653.0957, 1498906.7842, 1488246.1392)), list(c(5796012.1186, 5788742.1076, 
5789019.28, 5779523.8206, 5775530.5307, 5787490.8809, 5784656.5917, 5789622.9119, 5796012.1186, 1661829.8222, 1655626.0258, 1649709.5743, 1650106.9065, 1656686.5268, 1659034.4552, 1666758.3642, 1668595.1309, 1661829.8222)), list(c(5743359.6968, 5739863.6334, 5731556.216, 5737541.3578, 5750169.7196, 5757959.6399, 5762415.6726, 5752826.7299, 5743359.6968, 1758636.4098, 1753414.2228, 1752057.6401, 1766195.3862, 1769014.6286, 1777005.0436, 1774954.0974, 1762386.0533, 1758636.4098)), list(c(5753917.3508, 
5747718.0962, 5742918.701, 5741552.767, 5734023.6819, 5728305.1815, 5737576.2043, 5739828.4407, 5749622.4892, 5753917.3508, 1689641.1957, 1680494.6684, 1681580.6049, 1674167.1141, 1667189.7397, 1669679.3293, 1684469.6138, 1683083.1129, 1694110.5019, 1689641.1957)), list(c(5733006.2555, 5753612.6541, 5748373.4931, 5717638.216, 5714950.1588, 5705302.936, 5688229.1772, 5690278.4277, 5711690.5988, 5712166.2521, 5724858.5432, 5732721.0916, 5733006.2555, 1950545.4342, 1929801.8691, 1921134.0895, 1920110.0544, 
1933831.5014, 1925252.6599, 1931324.4418, 1941990.9512, 1952606.7968, 1958013.4579, 1961803.0057, 1957203.8991, 1950545.4342)), list(c(5743613.8063, 5740301.5077, 5731225.2544, 5735969.7018, 5743613.8063, 1626784.0109, 1619384.5754, 1622083.473, 1630713.8411, 1626784.0109)), list(c(5712613.3905, 5723479.8711, 5727601.2235, 5727936.9881, 5732134.6164, 5728388.773, 5729189.4038, 5722884.6974, 5708227.2548, 5717246.8158, 5715972.3435, 5699088.3305, 5700035.2322, 5712613.3905, 1871304.6293, 1866677.9226, 
1868674.8503, 1853053.9346, 1841855.1526, 1836790.3304, 1830074.5281, 1821627.5959, 1829283.8047, 1842498.6765, 1847422.1158, 1861497.465, 1865217.2574, 1871304.6293)), list(c(5714060.9438, 5709443.032, 5705793.6658, 5707599.5479, 5713037.9692, 5714060.9438, 1617456.7057, 1612260.7494, 1615347.0815, 1627429.7208, 1623899.5066, 1617456.7057)), list(c(5706725.0205, 5698819.2701, 5692073.3553, 5687763.6981, 5688553.3647, 5700161.2574, 5707940.8595, 5706725.0205, 1683966.0094, 1677909.4755, 1683560.617, 
1692275.4583, 1697284.2943, 1710101.7626, 1702162.281, 1683966.0094)), list(c(5670221.3516, 5661479.1754, 5634310.3353, 5594176.8672, 5590944.5707, 5566630.6002, 5552392.0594, 5538392.3912, 5511409.7096, 5489625.8429, 5481466.6868, 5478899.4103, 5483052.7174, 5485843.2234, 5493445.8139, 5495084.0152, 5508826.919, 5509725.8589, 5496572.1624, 5486042.981, 5512044.3182, 5515134.5049, 5511403.1069, 5501495.1424, 5481452.7501, 5462141.1824, 5450604.7884, 5425133.2878, 5413002.5876, 5413172.4861, 5395086.4066, 
5394171.9578, 5390169.0273, 5394824.1005, 5391182.532, 5402932.3425, 5421360.9964, 5430523.0697, 5450488.825, 5472783.8904, 5464234.0285, 5451772.1425, 5434030.0847, 5430940.5463, 5449374.067, 5444767.3791, 5430447.1551, 5416784.5071, 5414824.5318, 5454593.058, 5465360.4459, 5479092.3872, 5484701.8199, 5498951.8935, 5460182.1027, 5465201.4106, 5476021.964, 5502606.6172, 5547199.1346, 5570057.0655, 5591578.5201, 5595788.3044, 5590318.4476, 5576030.5055, 5543296.1185, 5515659.9359, 5518880.2999, 5551741.1334, 
5561671.0631, 5555221.6256, 5532122.3838, 5524357.1374, 5506508.868, 5508020.4534, 5514687.427, 5516523.0362, 5481334.7018, 5472959.6412, 5479879.1528, 5479887.3615, 5489168.3659, 5499883.2314, 5498997.1709, 5506002.9906, 5506762.6577, 5515133.1792, 5511953.2492, 5487127.9268, 5481318.5789, 5450095.3124, 5450051.3406, 5470695.0215, 5479065.8615, 5494584.7614, 5457572.0844, 5447958.3552, 5439602.362, 5421685.8442, 5403769.7144, 5391636.852, 5383784.3054, 5369384.7836, 5356659.4903, 5359181.2439, 5347401.7017, 
5310814.5011, 5303059.4262, 5319574.6751, 5321466.3178, 5342063.6875, 5360951.1182, 5407983.1646, 5413878.2666, 5454113.2947, 5460846.7092, 5457688.9426, 5474074.1881, 5480903.4058, 5472996.0617, 5445158.3682, 5424908.3733, 5422279.7144, 5409137.8703, 5403484.1364, 5388586.6216, 5370613.7952, 5359044.2345, 5300401.6034, 5287091.2189, 5256906.7934, 5265967.5954, 5284420.1502, 5287917.2699, 5284757.2385, 5261282.9834, 5252710.3042, 5227286.7963, 5226144.9437, 5211517.0921, 5195599.8556, 5181493.3479, 
5200528.6179, 5205929.4684, 5204901.8614, 5212814.7734, 5207131.4239, 5213976.5337, 5227594.2339, 5237775.048, 5257241.4647, 5247352.7978, 5313654.6925, 5322792.8606, 5345487.9179, 5355938.1232, 5360593.454, 5387760.6504, 5389623.6354, 5397537.2155, 5401576.0434, 5458423.3883, 5490198.7591, 5491533.976, 5528572.7973, 5554204.3952, 5563477.7632, 5587712.9121, 5592371.2298, 5647445.1147, 5650629.5156, 5663061.1044, 5666078.4287, 5664253.2044, 5659128.6903, 5656229.0836, 5653794.7858, 5675518.5387, 
5683463.0222, 5692144.4482, 5695859.2959, 5704439.7765, 5684585.5847, 5691100.5904, 5670221.3516, 2102712.0823, 2112318.2605, 2110075.8584, 2111126.869, 2115570.1479, 2095682.0326, 2093741.8244, 2100042.5065, 2071050.7793, 2071907.8979, 2068049.854, 2059241.8361, 2054451.7922, 2051100.8588, 2045093.617, 2036276.2013, 2031631.7493, 2023365.8252, 2028261.3765, 2015577.3905, 1999545.8631, 1990762.6532, 1983611.9006, 1986584.5301, 2007220.9035, 2009008.4173, 2003501.176, 2012115.6254, 2022903.1281, 2040003.882, 
2027025.0924, 2022669.8443, 2017714.1474, 2007286.7333, 1982806.7819, 1966143.8369, 1948653.201, 1929120.9557, 1916587.8429, 1890820.5735, 1882782.1724, 1898067.3069, 1895779.3287, 1885099.5553, 1865079.6043, 1856467.1674, 1847723.3192, 1847786.6841, 1842659.5719, 1836831.9236, 1829019.054, 1829890.9411, 1815447.9904, 1823917.4923, 1852399.3292, 1866175.7666, 1867806.3621, 1851047.3172, 1841668.5711, 1804784.7381, 1793647.1605, 1784993.9338, 1777955.5193, 1778604.1285, 1810624.996, 1803758.7913, 
1803023.7859, 1792576.7035, 1740662.0595, 1734848.5887, 1750830.4309, 1759294.6013, 1753759.756, 1760301.47, 1763315.449, 1766108.5682, 1752736.3058, 1744283.1057, 1736902.5714, 1727657.3499, 1714338.8719, 1711641.4783, 1718724.0718, 1721010.6519, 1709790.4104, 1703703.9493, 1697630.8753, 1684002.0764, 1695971.3177, 1704494.8903, 1695392.0828, 1657762.0462, 1651168.198, 1598714.2356, 1615596.0305, 1606720.6181, 1584024.4556, 1612570.4049, 1629385.3239, 1625051.8798, 1607797.1688, 1613337.0545, 1637600.7089, 
1668489.8118, 1683714.2629, 1710394.6724, 1719399.0753, 1743336.3945, 1754533.7316, 1752957.4856, 1775223.6983, 1761674.1608, 1761690.58, 1747810.267, 1751756.3128, 1760954.4026, 1763692.4251, 1772259.4896, 1775580.646, 1778234.8865, 1788694.0699, 1782438.6325, 1793792.5018, 1784790.1137, 1780283.2865, 1784358.2251, 1779807.229, 1766328.6348, 1788969.4522, 1819168.8983, 1828248.8761, 1825483.198, 1834462.6263, 1843547.8578, 1840685.2804, 1833442.0431, 1860859.8633, 1860507.5484, 1863252.256, 1894995.393, 
1901093.3912, 1900589.751, 1908629.0675, 1917791.115, 1916169.5964, 1936879.7466, 1946542.9615, 1950737.2139, 1982254.0422, 2015037.9755, 2040320.5047, 2058838.0857, 2079259.3032, 2090787.7475, 2086869.9175, 2089236.6214, 2096795.6036, 2113613.753, 2118650.8938, 2119111.6464, 2133421.0621, 2148430.8965, 2156084.1009, 2166317.6303, 2149956.8691, 2154274.9311, 2151062.0305, 2146859.8309, 2163286.5838, 2165419.6841, 2172220.4014, 2180576.2157, 2193183.563, 2201443.4639, 2206123.6371, 2210056.3917, 2215228.6451, 
2212121.5467, 2208740.7982, 2207298.7884, 2183251.7485, 2163534.5296, 2133691.6398, 2102712.0823)), list(c(5699053.4026, 5696156.8266, 5684950.5804, 5685485.2634, 5699053.4026, 1654931.9189, 1646241.7189, 1654065.2304, 1660903.8226, 1654931.9189)), list(c(5687640.8116, 5684978.1116, 5675701.2933, 5675211.8641, 5683684.1602, 5687640.8116, 1735696.1069, 1730711.0506, 1731727.9838, 1737872.0076, 1740028.892, 1735696.1069)), list(c(5681546.6254, 5681873.1397, 5674407.4366, 5672680.0795, 5677069.7471, 
5681546.6254, 1863759.0276, 1854661.186, 1855480.3393, 1860804.3124, 1866345.6862, 1863759.0276)), list(c(5679984.9667, 5672858.462, 5661361.4719, 5669972.1306, 5677291.4679, 5679984.9667, 1689622.7586, 1679366.1173, 1679910.01, 1695589.5225, 1695897.0711, 1689622.7586)), list(c(5679434.3575, 5675128.9749, 5669038.7941, 5669268.3822, 5677669.4975, 5679434.3575, 1646685.635, 1639893.0125, 1642931.7649, 1648171.7744, 1652061.595, 1646685.635)), list(c(5674831.9832, 5668603.807, 5665828.2965, 5671262.5768, 
5674831.9832, 1723810.7851, 1717221.7173, 1727780.1851, 1733666.301, 1723810.7851)), list(c(5667119.9621, 5662251.9029, 5644790.4638, 5647607.5497, 5665926.9374, 5667119.9621, 1741196.5438, 1739296.931, 1750331.9382, 1752961.9319, 1750440.3044, 1741196.5438)), list(c(5663469.7505, 5656752.9758, 5652702.5461, 5658155.0384, 5663469.7505, 1631966.8678, 1628962.3323, 1635177.8136, 1643427.5938, 1631966.8678)), list(c(5649451.7019, 5637942.4631, 5626641.1384, 5635960.457, 5644428.021, 5649451.7019, 2063207.4217, 
2057615.4244, 2064422.8847, 2070860.6301, 2070612.5265, 2063207.4217)), list(c(5645609.0631, 5640209.8746, 5637988.2507, 5637848.0775, 5643428.0916, 5645609.0631, 1719856.5462, 1716791.6202, 1723236.7502, 1732352.3002, 1730565.7006, 1719856.5462)), list(c(5641634.0788, 5638574.2437, 5625892.2882, 5615682.0265, 5615063.3911, 5635110.4862, 5639767.5111, 5641634.0788, 1760121.5789, 1755568.3643, 1764634.9311, 1770942.7988, 1779526.115, 1774552.7789, 1767381.5909, 1760121.5789)), list(c(5638997.9566, 
5634309.3269, 5627006.4874, 5630324.9894, 5638997.9566, 1669070.6932, 1663659.6589, 1670885.6342, 1677564.6363, 1669070.6932)), list(c(5613441.545, 5624986.4773, 5632811.2307, 5635112.5491, 5631891, 5620979.5959, 5617319.534, 5605482.7682, 5605693.0619, 5613441.545, 2007246.86, 2005951.5596, 2010904.5095, 2008530.7704, 1990183.7261, 1997622.388, 1986208.4803, 1996090.4314, 2003740.0176, 2007246.86)), list(c(5632207.0979, 5632339.6697, 5618133.6553, 5621570.41, 5632207.0979, 1649136.757, 1644935.3901, 
1648179.3403, 1655559.5463, 1649136.757)), list(c(5623105.1597, 5617512.7347, 5604201.7212, 5604744.5453, 5610414.7165, 5619512.1452, 5623105.1597, 1638710.3095, 1632883.2855, 1630569.1756, 1639532.1187, 1643351.4343, 1644722.4558, 1638710.3095)), list(c(5621797.0587, 5618517.7385, 5607221.7414, 5611441.221, 5621797.0587, 1431966.5001, 1423750.7445, 1429988.3659, 1434022.6354, 1431966.5001)), list(c(5615442.8386, 5611260.3273, 5604954.1355, 5606939.2781, 5613010.0482, 5615442.8386, 1686046.7612, 
1682058.8411, 1684700.8671, 1692961.174, 1692603.5775, 1686046.7612)), list(c(5614980.6529, 5608519.4873, 5605461.0456, 5608035.4906, 5614980.6529, 1956136.8527, 1943821.3756, 1949777.9325, 1959680.8752, 1956136.8527)), list(c(5601244.0152, 5597105.082, 5594342.3829, 5597117.2411, 5603307.2106, 5601244.0152, 1705608.6285, 1703720.1323, 1713761.5802, 1719070.8301, 1713985.7431, 1705608.6285)), list(c(5596677.6391, 5591968.0014, 5583016.0126, 5584466.9402, 5572491.312, 5575579.0856, 5584303.9853, 5585077.1065, 
5596677.6391, 1868241.1035, 1862009.6512, 1866039.3977, 1870107.2235, 1873632.4931, 1885796.3276, 1881640.2083, 1875243.2936, 1868241.1035)), list(c(5594229.4506, 5586000.441, 5581992.1059, 5583363.0331, 5587760.1558, 5594229.4506, 1740409.208, 1723124.3066, 1729479.1854, 1738773.1327, 1743036.6409, 1740409.208)), list(c(5571753.936, 5563902.9129, 5557256.4995, 5565004.2, 5571753.936, 1641409.3347, 1636920.4132, 1642900.0239, 1647828.1243, 1641409.3347)), list(c(5567394.0365, 5556256.6915, 5555499.7311, 
5548119.4152, 5546100.3835, 5548503.7769, 5554847.4698, 5565669.8226, 5567394.0365, 2069511.2118, 2059965.8928, 2063799.3988, 2066099.3933, 2071694.8774, 2081022.092, 2086106.1411, 2079096.8799, 2069511.2118)), list(c(5562296.1227, 5553801.5683, 5547856.4933, 5557103.9943, 5562296.1227, 1710509.8904, 1707339.0887, 1713794.3465, 1717561.4229, 1710509.8904)), list(c(5538268.9486, 5537602.0979, 5528076.4071, 5533436.0818, 5538268.9486, 1921443.8649, 1913354.5217, 1913186.0272, 1925138.3527, 1921443.8649
)), list(c(5534963.9125, 5531628.3087, 5524484.1274, 5525398.6542, 5520694.0856, 5524374.3452, 5528876.5934, 5533803.4782, 5534963.9125, 1891329.1838, 1886909.322, 1892091.1518, 1899111.3198, 1900852.2626, 1909650.3012, 1900174.9834, 1899243.7155, 1891329.1838)), list(c(5526811.0938, 5531959.9898, 5523464.9062, 5519154.68, 5526811.0938, 1646966.7207, 1636299.1219, 1637063.8029, 1646115.8901, 1646966.7207)), list(c(5520800.5633, 5523898.5648, 5511880.1243, 5514099.2453, 5520800.5633, 1696152.2873, 
1685806.7058, 1688263.4081, 1694930.6838, 1696152.2873)), list(c(5516358.8208, 5512359.1438, 5504616.5733, 5516094.1628, 5516358.8208, 1729444.1437, 1726273.7032, 1735893.1936, 1738668.3139, 1729444.1437)), list(c(5512580.3667, 5509332.3709, 5502896.2855, 5498873.8257, 5500461.2976, 5512580.3667, 1890577.2898, 1883667.9171, 1883941.0979, 1890765.1416, 1893192.3595, 1890577.2898)), list(c(5499317.6375, 5499979.8272, 5490379.4637, 5485454.2625, 5483166.6916, 5487374.7455, 5493103.0351, 5501840.1293, 
5499317.6375, 1561826.9165, 1552371.5974, 1553603.9984, 1561054.021, 1570600.3817, 1578134.4026, 1571016.8162, 1565636.8686, 1561826.9165)), list(c(5495398.8713, 5493177.3747, 5487302.3749, 5484646.8895, 5486645.2124, 5495398.8713, 1679322.614, 1671472.2523, 1670587.1883, 1675925.3968, 1681052.6069, 1679322.614)), list(c(5489700.5889, 5488191.6075, 5481171.571, 5480833.8118, 5489700.5889, 1894030.338, 1882764.49, 1886127.5442, 1894101.918, 1894030.338)), list(c(5488599.6247, 5489236.9347, 5482548.6639, 
5470501.7228, 5461842.5783, 5462953.3162, 5454856.5175, 5455368.1944, 5461864.6596, 5471804.1211, 5488599.6247, 1980876.4151, 1974750.8581, 1974046.7427, 1977310.1077, 1974482.108, 1979571.202, 1989356.322, 1996863.3595, 1994756.5693, 1984920.1578, 1980876.4151)), list(c(5454726.1717, 5458823.8731, 5449540.4211, 5450131.2184, 5454726.1717, 1885580.4593, 1874678.036, 1874431.1335, 1885868.9293, 1885580.4593)), list(c(5451961.6435, 5447643.5043, 5438335.4375, 5443031.1902, 5451961.6435, 1850358.6431, 
1843719.0586, 1846976.228, 1853986.3137, 1850358.6431)), list(c(5285062.291, 5279892.4307, 5260618.8837, 5260428.0726, 5264760.021, 5270898.1992, 5281445.8751, 5285062.291, 1698146.4182, 1688566.7939, 1703173.4272, 1709877.9429, 1715076.5853, 1709176.5239, 1706122.7826, 1698146.4182)), list(c(5277678.1887, 5273609.0157, 5269248.3208, 5271519.0271, 5277120.0515, 5277678.1887, 1792130.4786, 1783153.7074, 1791114.8116, 1797606.5724, 1797837.5827, 1792130.4786)), list(c(5253343.1841, 5254108.7857, 5257869.0592, 
5272392.2768, 5271284.7138, 5263385.3127, 5254322.7174, 5251034.297, 5239249.9341, 5230063.0972, 5233588.4337, 5241515.2014, 5244983.3856, 5243576.3106, 5247463.6295, 5253343.1841, 1758629.0441, 1751340.7674, 1754248.3941, 1737422.6461, 1732206.4898, 1731640.5809, 1735646.8634, 1732285.198, 1738564.0687, 1740212.5339, 1756277.2313, 1755426.9749, 1759149.2698, 1773129.1441, 1773131.3176, 1758629.0441)), list(c(5266565.5518, 5259506.3366, 5250998.6371, 5258740.6302, 5257873.5765, 5266565.5518, 1758835.4266, 
1757409.5334, 1773635.881, 1772717.8546, 1768666.8473, 1758835.4266)), list(c(5259929.682, 5248508.037, 5243316.1704, 5242289.9365, 5244634.8104, 5248112.2978, 5253927.8899, 5259929.682, 1793804.9454, 1788639.6287, 1790794.2405, 1796624.4591, 1808132.6395, 1814471.3841, 1816756.4424, 1793804.9454)), list(c(5183884.0301, 5182788.7241, 5174724.0016, 5149051.9791, 5154139.7665, 5172934.1019, 5169418.6397, 5178082.2925, 5183884.0301, 1874635.6116, 1870973.6388, 1873342.0462, 1904035.8808, 1909365.4162, 
1910626.2573, 1899439.4645, 1879365.8041, 1874635.6116)))
"3","Hongrie",list(list(c(5214660.0695, 5216710.2202, 5245374.8404, 5255782.4899, 5271396.2745, 5279162.0724, 5265326.1136, 5250620.3768, 5234702.0461, 5232859.4905, 5229004.0033, 5223868.5213, 5224077.5998, 5203937.8378, 5193727.9336, 5185074.5393, 5186387.258, 5177950.0092, 5169434.151, 5149175.4487, 5145578.1417, 5112369.7859, 5109136.6363, 5081487.072, 5068153.7067, 5058764.7514, 5040491.7769, 5025668.9931, 5020111.755, 5009623.0449, 5004436.5659, 4992314.4575, 4976870.196, 4935711.2867, 4914925.3323, 4906605.3597, 
4885838.4597, 4873086.6699, 4850286.3526, 4848359.3534, 4827385.8894, 4807826.1532, 4801994.0448, 4786947.8336, 4800025.5971, 4810258.6542, 4812740.3546, 4806751.4306, 4821838.7709, 4821820.7984, 4802912.6987, 4815471.18, 4831130.8323, 4848182.9302, 4854633.2936, 4861008.7091, 4897845.193, 4912119.8091, 4943551.1459, 4982212.6213, 4976369.1493, 4975477.5114, 4985038.5522, 4991117.5402, 5023066.9059, 5033140.0437, 5056502.7238, 5066406.1014, 5082831.7868, 5092186.1017, 5096670.9612, 5113251.3225, 
5139860.5628, 5160506.845, 5175139.6352, 5187795.3454, 5214660.0695, 2880853.832, 2884027.4801, 2869473.7287, 2857341.8382, 2858801.0792, 2843993.0884, 2823592.6464, 2820323.3677, 2803933.7769, 2796039.174, 2795171.6275, 2785747.5086, 2771777.0879, 2726154.8417, 2682800.7582, 2675563.8416, 2656902.1995, 2642042.2859, 2634028.9886, 2633827.472, 2620383.86, 2611777.7769, 2611882.4968, 2610251.4306, 2612699.3713, 2609142.2958, 2587133.3754, 2588163.2353, 2578739.2555, 2575455.7397, 2574073.9721, 2570854.5414, 
2552895.4786, 2552486.5813, 2556676.2138, 2565130.4037, 2569452.5403, 2587383.3027, 2603109.4587, 2606260.0958, 2618351.3262, 2644113.7392, 2657869.2016, 2658724.925, 2673793.8384, 2677111.2202, 2687723.0766, 2714374.6019, 2726165.9716, 2743038.7753, 2748897.5074, 2758594.6459, 2754284.3972, 2758424.0072, 2791782.4587, 2793004.7731, 2768465.3463, 2767793.6604, 2770993.9389, 2784591.9952, 2790307.5758, 2799750.2349, 2811671.279, 2814757.4297, 2821362.9686, 2837783.9947, 2830801.1158, 2834643.905, 
2850278.5399, 2871555.9103, 2880330.4462, 2886940.4502, 2883239.8515, 2894264.9019, 2887540.1904, 2873616.8447, 2880853.832)))
"62","Italie",list(list(c(4510728.8305, 4527096.498, 4530306.1988, 4589828.6003, 4606152.0705, 4604291.0807, 4583139.6578, 4585933.7555, 4602576.8902, 4591854.3075, 4593759.9684, 4602056.1878, 4600801.2035, 4600790.5903, 4615107.9057, 4625229.7097, 4620948.8987, 4611706.6953, 4611467.6835, 4599618.3622, 4586442.3403, 4565618.5751, 4562837.8317, 4530312.0539, 4517033.9556, 4516234.647, 4505223.3209, 4497638.9278, 4488503.7965, 4493972.2129, 4504513.282, 4503214.5541, 4515712.0357, 4511151.9192, 4501886.0975, 4501438.1594, 
4511885.2712, 4517387.1286, 4542187.0639, 4577064.4146, 4609121.8235, 4614074.4674, 4616324.1518, 4625430.5031, 4635294.2158, 4641630.0863, 4656724.4941, 4662614.3624, 4671923.4134, 4678146.9252, 4703515.8777, 4709742.1249, 4716629.7507, 4729718.178, 4736411.0362, 4748383.587, 4830757.2385, 4835299.0509, 4823917.1288, 4818816.494, 4814797.4012, 4826062.3496, 4871066.9235, 4916706.2934, 4945371.7378, 4997784.5221, 5009076.985, 5036358.06, 5047056.4396, 5040038.8453, 5012732.4806, 5001030.778, 4983093.5499, 
4958764.7113, 4925586.6886, 4905972.885, 4889506.1939, 4888023.262, 4880008.3963, 4883934.5111, 4927897.3654, 4938635.3319, 4940608.1588, 4943533.0726, 4921369.3229, 4894990.8007, 4898485.7995, 4868413.2077, 4857705.5023, 4829210.8423, 4819872.7623, 4818706.8108, 4832208.714, 4840158.866, 4833914.8345, 4857250.89, 4863490.2365, 4861940.2047, 4851084.4874, 4847279.2122, 4840939.8068, 4823522.4122, 4815169.1022, 4804763.6351, 4797656.9599, 4786172.3676, 4779667.1419, 4774213.2266, 4770556.9317, 4761328.0115, 
4752022.5554, 4743415.6054, 4741783.7186, 4746303.3424, 4746104.4165, 4735989.398, 4727386.7809, 4707644.1727, 4700658.9431, 4693806.0652, 4662108.0463, 4637532.4556, 4597798.2969, 4578972.3597, 4553745.9589, 4539962.1274, 4524174.5699, 4519367.3317, 4487009.1696, 4483715.9925, 4473426.278, 4464782.959, 4460920.1627, 4457034.8212, 4440807.3656, 4416084.5977, 4415511.6128, 4407704.9012, 4399784.6758, 4385736.665, 4378764.8838, 4362950.526, 4362193.7085, 4348972.5679, 4345279.3315, 4341816.6176, 4332538.9239, 
4322507.7072, 4304934.0341, 4281865.5533, 4251864.6695, 4222673.58, 4211842.2273, 4182612.9374, 4170959.8008, 4156760.0282, 4121719.5385, 4121458.9529, 4137476.9604, 4128813.4474, 4111223.4917, 4083816.1287, 4072437.7837, 4072122.9083, 4078566.3036, 4088123.4882, 4084110.9975, 4066234.9737, 4055455.9967, 4092693.4159, 4098609.7854, 4094309.332, 4087227.4831, 4085303.2195, 4072064.4949, 4091539.9585, 4099749.6815, 4133419.8269, 4155107.7886, 4156152.8649, 4176935.781, 4175088.6151, 4196776.6841, 4202316.5226, 
4202406.8999, 4221436.72, 4230306.7422, 4236365.0104, 4246239.7509, 4245755.8311, 4256006.521, 4262968.4324, 4264354.0407, 4268535.8437, 4277796.4952, 4287571.4758, 4314220.0157, 4328290.2059, 4332997.7159, 4330980.4879, 4324957.5602, 4329190.4, 4337730.8351, 4355774.3639, 4356968.3783, 4351483.8396, 4356848.747, 4371723.8826, 4396954.3264, 4409680.1316, 4444821.7107, 4456112.7988, 4483320.7127, 4491314.1298, 4484113.6426, 4485878.6379, 4510728.8305, 2621660.5086, 2619689.6188, 2617285.8032, 2612229.3573, 
2608175.0654, 2598604.5421, 2583837.958, 2575803.415, 2568262.0938, 2555074.1741, 2547729.653, 2545823.9645, 2529734.672, 2528446.5234, 2522616.993, 2510565.7189, 2505293.6584, 2505312.5882, 2515892.8499, 2526057.5035, 2518573.5091, 2521641.2157, 2508581.9823, 2492936.4018, 2494491.2428, 2487816.3551, 2479060.1567, 2480384.9191, 2467753.4202, 2463134.957, 2452710.4764, 2442760.4409, 2429587.1939, 2412079.6617, 2414891.8765, 2393730.2409, 2349087.2688, 2342327.0322, 2321829.949, 2298875.7301, 2283021.9124, 
2274070.8753, 2270013.7672, 2250490.1938, 2225749.9496, 2206987.3697, 2178705.8144, 2167738.8082, 2158742.1172, 2154156.8565, 2135593.7655, 2131068.9929, 2120370.022, 2114841.0743, 2111687.2301, 2106070.6742, 2110584.3954, 2095492.0311, 2082945.4343, 2077346.1695, 2072944.2611, 2056175.3236, 2038145.4593, 2024500.7425, 2007500.8091, 1986438.1316, 1972177.3041, 1953000.1556, 1935210.1534, 1897526.3627, 1906756.7792, 1932282.6992, 1945002.7711, 1944070.6399, 1963313.4715, 1948907.3, 1916502.2782, 1897779.0404, 
1880664.9816, 1867006.0112, 1849464.526, 1839975.3687, 1817865.7273, 1790716.9393, 1787169.8808, 1766350.0688, 1734482.482, 1699541.8999, 1672741.2571, 1668968.4295, 1677949.8247, 1699115.2714, 1711287.6975, 1733790.2212, 1749839.5784, 1759790.9534, 1769259.0022, 1780357.5223, 1794642.0123, 1809757.3211, 1833531.584, 1859471.5485, 1888734.5169, 1901170.293, 1903610.2753, 1895420.2583, 1895309.4251, 1897663.7018, 1903382.6697, 1910588.4859, 1912436.1419, 1917645.0486, 1922121.42, 1932504.7636, 1936829.1994, 
1955421.5081, 1964072.5911, 1958079.0608, 1958180.5896, 1971814.8139, 1986871.4191, 2021521.1661, 2027148.2158, 2020802.6892, 2039279.2923, 2044550.1368, 2060977.6895, 2066003.2357, 2100120.3235, 2103621.1404, 2106242.1447, 2118743.7467, 2125439.1875, 2132189.3523, 2142554.3783, 2145300.1559, 2158989.4767, 2170210.3002, 2180171.0603, 2187216.1583, 2204150.2023, 2205822.9377, 2239436.3148, 2267074.2679, 2274842.6736, 2300678.1303, 2318419.5978, 2326070.8427, 2329073.7655, 2345283.3446, 2361643.749, 
2368443.7002, 2364240.6692, 2336933.814, 2316230.6528, 2307131.4372, 2300472.598, 2312169.3751, 2330752.1697, 2340011.1701, 2338468.2438, 2351706.7597, 2366359.4788, 2384338.9679, 2398682.6089, 2404818.9069, 2418025.3435, 2426072.122, 2450215.5264, 2462257.8543, 2481039.6925, 2488413.2, 2493525.1366, 2506413.6849, 2523773.428, 2538951.4132, 2531989.5945, 2542543.9901, 2536147.715, 2537251.1046, 2561873.984, 2574119.4546, 2594561.0877, 2590826.933, 2572186.7606, 2554668.3328, 2551133.737, 2524805.7344, 
2529120.9368, 2545843.9578, 2562205.075, 2569255.1774, 2593609.1446, 2598356.848, 2596407.2719, 2577048.6536, 2584091.7038, 2569723.6218, 2573227.2904, 2587472.9203, 2594851.0001, 2607595.3574, 2611951.5332, 2602036.5163, 2609745.4715, 2618636.497, 2638051.4913, 2639102.1962, 2629033.0062, 2650942.1194, 2656889.1414, 2653784.0874, 2665352.2216, 2664310.289, 2656286.2589, 2647206.7285, 2621660.5086), c(4517770.191, 4520215.8496, 4530801.7906, 4528137.0869, 4523438.68, 4517770.191, 2089869.2397, 2088254.2023, 
2089644.6719, 2098003.3181, 2096237.6366, 2089869.2397), c(4515660.9935, 4521740.7018, 4522031.3044, 4515477.6146, 4515660.9935, 2313079.2888, 2315110.5069, 2322363.5666, 2318797.9811, 2313079.2888)), list(c(4787071.7481, 4774864.5709, 4775275.4198, 4787875.3269, 4786504.9025, 4795743.0252, 4781536.4007, 4781932.8698, 4771337.8016, 4728324.0293, 4710072.1544, 4682530.865, 4650780.9661, 4578759.5769, 4559256.4986, 4542575.2334, 4537618.783, 4542992.301, 4563882.2735, 4575333.7756, 4584163.2787, 4594219.158, 
4612201.8459, 4650828.2134, 4690793.2364, 4708031.5927, 4740874.2191, 4771309.4748, 4810626.6561, 4809702.7561, 4787071.7481, 1652570.0656, 1615103.1737, 1602135.1038, 1592389.6484, 1583362.232, 1569477.0695, 1547286.3452, 1527906.8517, 1529624.4864, 1536903.9947, 1558882.7113, 1568851.5189, 1576375.3337, 1616090.873, 1615255.541, 1627078.767, 1638700.6402, 1662949.4698, 1679061.8861, 1667410.5015, 1667359.9343, 1682222.1289, 1687185.1502, 1663830.9973, 1670054.6801, 1670943.6681, 1688010.313, 1687280.619, 
1706364.3989, 1691599.973, 1652570.0656)), list(c(4785148.7043, 4778165.2477, 4774044.5795, 4779819.0522, 4785148.7043, 2133997.8938, 2126133.2511, 2135593.2965, 2139236.6812, 2133997.8938)), list(c(4749942.4575, 4750312.5309, 4757207.8934, 4755955.8555, 4740477.2835, 4743413.5528, 4749942.4575, 1738663.133, 1730307.9009, 1730787.5396, 1720622.9042, 1733045.7415, 1738197.2644, 1738663.133)), list(c(4657996.2735, 4654662.7385, 4646027.0687, 4646983.0067, 4657996.2735, 1970032.2286, 1962788.8402, 1964519.1546, 
1971902.4114, 1970032.2286)), list(c(4586342.2448, 4587823.2561, 4579569.3194, 4575129.3424, 4586342.2448, 1432470.2912, 1423028.5717, 1422800.4015, 1428790.0576, 1432470.2912)), list(c(4505834.1543, 4500558.0511, 4493865.751, 4496456.79, 4505902.9008, 4505834.1543, 1522408.1736, 1520722.6175, 1529725.1374, 1532565.6574, 1528107.4057, 1522408.1736)), list(c(4401551.5094, 4394334.8085, 4390257.1554, 4394402.3302, 4397477.3341, 4401551.5094, 2139837.2042, 2132625.3255, 2139473.1914, 2144429.2124, 2144466.2251, 
2139837.2042)), list(c(4357745.5956, 4355984.7331, 4350537.0434, 4331746.7427, 4328906.3896, 4335889.2706, 4340807.7016, 4343108.8475, 4351361.709, 4355196.4948, 4357745.5956, 2193709.0096, 2179426.6178, 2183546.4003, 2180564.8031, 2186413.3833, 2189558.4708, 2186877.7078, 2191172.419, 2190355.0588, 2196593.4751, 2193709.0096)), list(c(4311710.8789, 4306601.8992, 4301848.1826, 4307229.1402, 4311710.8789, 2215476.1071, 2208311.5177, 2214813.7646, 2223167.0094, 2215476.1071)), list(c(4299705.0489, 
4304644.8452, 4289051.379, 4296999.7694, 4290842.2005, 4284303.2999, 4281627.0729, 4274435.8568, 4272816.7057, 4265975.1456, 4253384.1064, 4246581.1745, 4241757.9843, 4237800.3486, 4235572.9761, 4225760.0618, 4222884.9394, 4201625.3051, 4199979.8377, 4192191.1447, 4181981.3757, 4178905.1236, 4182194.229, 4181881.6336, 4187996.7376, 4191866.005, 4194854.5866, 4184181.326, 4190609.0179, 4184513.1997, 4177037.9872, 4164577.7396, 4169701.5426, 4195062.9276, 4219713.0675, 4226054.3788, 4253906.5175, 4280280.7476, 
4281028.555, 4299705.0489, 1951216.7447, 1932655.049, 1903387.899, 1885280.2779, 1828771.5175, 1787530.8182, 1783450.6049, 1782167.3161, 1783216.5101, 1787657.6107, 1793154.4386, 1789587.8191, 1791523.5835, 1787951.3537, 1770035.4512, 1759870.5205, 1756900.4344, 1759256.061, 1764520.0514, 1774591.6566, 1767729.6938, 1777211.7166, 1788882.593, 1818822.1631, 1847479.4558, 1848044.9605, 1864710.7132, 1872952.5419, 1907520.5801, 1924933.2226, 1942838.7583, 1946403.9309, 1975140.7438, 1971063.3688, 1982154.6538, 
1991349.246, 2015966.2026, 2004351.8406, 1991603.0347, 1951216.7447)), list(c(4182188.9414, 4176473.5322, 4173149.4821, 4179571.0146, 4183854.706, 4182188.9414, 1995516.5767, 1995553.5577, 2002367.5572, 2006401.7489, 2000554.9474, 1995516.5767)), list(c(4176075.9363, 4172033.2254, 4166600.2683, 4169278.3077, 4176075.9363, 1791599.6431, 1777400.5875, 1784752.6975, 1791751.8451, 1791599.6431)), list(c(4174514.8026, 4171136.0976, 4163920.2641, 4168786.8035, 4174514.8026, 1986784.931, 1977144.8836, 1983512.449, 
1990663.9064, 1986784.931)))
"70","Pays-Bas",list(list(c(4113226.3335, 4115951.8618, 4126016.5033, 4127017.6864, 4134707.544, 4135097.5522, 4133736.1552, 4132785.0691, 4125134.6445, 4118393.6693, 4098287.6952, 4096766.4867, 4117731.1203, 4120624.0736, 4099187.3515, 4096822.6638, 4099530.4451, 4073465.7522, 4057369.1633, 4045797.8248, 4041680.6645, 4057039.0917, 4058181.0268, 4046900.0257, 4053685.3248, 4031952.4076, 4045944.8244, 4040360.1849, 4031283.6809, 4023087.5435, 4016501.8027, 4017252.1835, 4016424.7187, 4024033.4265, 4026610.5578, 
4026691.607, 4011459.8396, 4007308.7459, 3988851.4396, 3980657.8693, 3980658.9135, 3976686.7293, 3964175.1263, 3957506.8185, 3950633.7397, 3938554.2919, 3932754.5588, 3930822.8018, 3923161.9312, 3920660.2127, 3888604.3316, 3875479.8754, 3880379.3242, 3895883.4774, 3896190.6349, 3911214.7382, 3909127.9209, 3918217.2456, 3920873.2359, 3923497.8717, 3936686.5755, 3946030.5296, 3951477.2359, 3955930.2215, 3960097.4846, 3967931.8709, 3974842.4511, 3979535.511, 3971705.8663, 3973847.8726, 3996616.1115, 
4014218.2829, 4015915.0949, 4043185.0713, 4067837.9369, 4075036.5982, 4105254.7416, 4113226.3335, 3371154.9495, 3363279.0731, 3358398.7102, 3353761.3064, 3351905.1378, 3347254.7052, 3337487.7297, 3322862.3306, 3307187.4433, 3285247.0691, 3284897.711, 3269198.3229, 3263041.4112, 3240894.5794, 3228125.1333, 3220661.942, 3207827.2938, 3196970.0598, 3205892.8657, 3198797.2816, 3189693.834, 3163340.8936, 3146140.6394, 3133097.6772, 3126266.0513, 3110464.2374, 3096437.1327, 3079039.389, 3079646.3924, 3082262.0818, 
3080744.5735, 3086772.5351, 3093692.2059, 3108310.8542, 3113861.8873, 3125211.9022, 3132703.4903, 3140154.5014, 3138673.9134, 3148906.1725, 3157888.224, 3162365.154, 3159537.9499, 3167694.4762, 3159702.9375, 3165471.1786, 3163330.3485, 3154475.3305, 3156164.4332, 3156217.704, 3163882.0065, 3173895.8562, 3181212.3814, 3181745.0882, 3201061.1819, 3210471.0201, 3223905.7099, 3226298.0676, 3229321.5358, 3231860.2903, 3245668.6426, 3260714.03, 3272490.5833, 3287337.5961, 3307432.242, 3340289.6891, 3351173.7058, 
3345902.1981, 3333286.7761, 3323596.8768, 3332178.268, 3347857.6464, 3353296.1683, 3370224.8968, 3373652.2719, 3371944.751, 3377302.4213, 3371154.9495)), list(c(4101081.2459, 4096713.3581, 4091879.0272, 4097009.4274, 4101081.2459, 3385853.8224, 3381099.3023, 3385794.2139, 3389384.8482, 3385853.8224)), list(c(4037303.9753, 4030721.992, 4026336.0575, 4032865.0496, 4037303.9753, 3378618.1139, 3374820.4149, 3380390.0526, 3385355.8825, 3378618.1139)), list(c(4003907.3178, 4005930.0164, 4006137.6558, 4006403.2919, 
4006733.0068, 4007097.473, 4008742.3939, 4009141.9019, 4009499, 4009778.2259, 4009949.9261, 4009995.837, 4009911.0342, 4009704.4756, 4009396.935, 4009163.5891, 4008670.1964, 4008441.193, 4008153.1948, 4007910.0477, 4007292.9164, 4006822.3909, 4006617.7135, 4006306.105, 4006067.4438, 4005923.1836, 4005886.2694, 4005673.6572, 4003657.3048, 3999159.5713, 3997868.265, 3999025.6428, 4001897.9076, 4003907.3178, 3378893.9596, 3375543.0876, 3376067.0767, 3376524.7092, 3376840.0204, 3376984.7955, 3377227.2582, 
3377172.3593, 3376909.6505, 3376463.2028, 3375880.4283, 3375223.2246, 3374561.4043, 3373965.2808, 3373494.7168, 3373232.8732, 3373057.381, 3373099.3487, 3372724.7389, 3372572.5019, 3372742.0671, 3372942.8727, 3373011.5347, 3373304.5873, 3373744.7474, 3374292.4405, 3374898.4294, 3373072.2656, 3369038.9523, 3368467.0424, 3372758.185, 3376034.5556, 3378577.3983, 3378893.9596)), list(c(3919814.3946, 3900841.3057, 3892268.4873, 3885421.4277, 3871681.2229, 3859809.09, 3859737.4079, 3872764.1952, 3889933.9933, 
3902411.715, 3919814.3946, 3153328.4565, 3141114.047, 3140257.5569, 3147037.0766, 3150919.9378, 3150168.8783, 3160854.8642, 3163190.4277, 3155172.0149, 3159199.0504, 3153328.4565)))
"28","Portugal",list(list(c(2822605.4909, 2831796.0873, 2859373.7472, 2883306.2031, 2901984.5719, 2907503.1932, 2921462.8127, 2951485.3585, 2953281.2359, 2969246.9417, 2975581.5836, 2960288.4357, 2953674.0818, 2950367.1721, 2947304.8771, 2928114.7364, 2914970.0164, 2904457.601, 2909675.7777, 2900060.5026, 2892686.537, 2885229.6474, 2878534.2766, 2884980.709, 2866332.3019, 2822316.5429, 2836695.3062, 2839691.3216, 2845052.7489, 2856470.3656, 2843821.1442, 2830219.0868, 2814683.6944, 2825810.8137, 2841367.7414, 2830724.2677, 
2809812.5754, 2776212.4311, 2777974.267, 2731172.1823, 2708722.5729, 2674373.6124, 2639285.5284, 2647491.5847, 2663467.4575, 2673341.4588, 2670485.1093, 2694644.1553, 2654894.2601, 2654279.7738, 2636691.4699, 2650545.8938, 2664291.6719, 2685543.9236, 2699298.2816, 2718974.6217, 2740001.5994, 2752226.5586, 2761836.7282, 2764565.4979, 2765017.8871, 2765263.2571, 2767741.0801, 2792762.2869, 2828168.7161, 2832880.0038, 2822722.6855, 2822605.4909, 2261163.0436, 2259162.0669, 2261749.4075, 2247534.3864, 
2249097.1274, 2258468.3349, 2255028.6383, 2243667.4395, 2217667.3328, 2208467.8522, 2196387.2987, 2179024.372, 2176456.5596, 2172482.1494, 2172124.7914, 2166294.6163, 2152224.6539, 2151677.7938, 2128364.2321, 2076678.8945, 2068076.5185, 2068270.8232, 2058737.0286, 2036259.3658, 2007702.5895, 2015259.6797, 1988343.274, 1967475.0246, 1948555.6506, 1935613.6271, 1917402.0711, 1909755.1044, 1880101.0756, 1846890.8709, 1845643.4425, 1828966.91, 1825151.628, 1783297.5351, 1743031.7994, 1731151.5464, 1748707.1277, 
1760996.5868, 1759056.5491, 1776443.5151, 1801241.7698, 1846218.5838, 1860429.2065, 1915721.6199, 1916576.1624, 1939899.105, 1956577.5088, 1988702.1366, 2018716.0439, 2033480.7032, 2054638.7631, 2084386.7929, 2133369.3858, 2149889.2506, 2178696.6573, 2236104.0848, 2246414.3918, 2251928.6169, 2281168.1222, 2295351.0687, 2298249.0389, 2283735.9596, 2273363.4974, 2261163.0436)), list(c(1886550.8725, 1877543.3945, 1874827.4806, 1885042.6935, 1888605.8426, 1886550.8725, 1531648.1478, 1531598.0143, 1535910.4324, 
1540696.98, 1538226.9044, 1531648.1478)), list(c(1838170.0779, 1838158.7487, 1828155.2311, 1832519.425, 1838170.0779, 1217100.2861, 1204450.2356, 1210607.9258, 1218006.0064, 1217100.2861)), list(c(1799103.3062, 1809930.1001, 1823817.9682, 1829264.8618, 1835254.787, 1824261.1716, 1813880.9481, 1793048.5691, 1790835.2727, 1799103.3062, 1542299.8719, 1530952.2256, 1529145.1502, 1519037.2279, 1514566.3869, 1505717.5342, 1508518.3853, 1528595.5957, 1538714.1009, 1542299.8719)), list(c(1285394.0359, 1292332.8999, 
1301434.8298, 1305137.4658, 1319867.1178, 1328138.3084, 1325853.2375, 1321600.7178, 1315580.0576, 1304785.9728, 1293408.1372, 1290624.9622, 1280033.4704, 1272990.6216, 1273441.3591, 1281167.5993, 1285394.0359, 2370833.858, 2363583.5706, 2362983.0755, 2358246.2801, 2355405.1949, 2349689.8679, 2342154.8967, 2339455.6382, 2343061.5098, 2344508.0735, 2349557.56, 2355507.5451, 2360127.5332, 2375551.545, 2379272.3634, 2381541.242, 2370833.858)), list(c(1298578.0535, 1297876.069, 1286009.2015, 1286353.8842, 
1298578.0535, 2260361.5078, 2249910.5228, 2257881.9208, 2262981.3897, 2260361.5078)), list(c(1223053.0226, 1215976.2492, 1201369.6465, 1197341.9118, 1198136.2164, 1203868.458, 1210102.342, 1220987.7243, 1223053.0226, 2517020.2592, 2509146.1265, 2518329.7651, 2524972.9142, 2532257.3847, 2534977.9959, 2532700.6363, 2524465.6421, 2517020.2592)), list(c(1169173.1186, 1169535.7314, 1161236.9295, 1160532.9611, 1169173.1186, 2593427.3922, 2582187.3448, 2587389.1056, 2594883.2616, 2593427.3922)), list(c(1158463.5553, 
1153951.9182, 1147935.2854, 1142396.5627, 1131438.7284, 1132203.213, 1134793.2439, 1145839.9082, 1158463.5553, 2530907.2453, 2529643.7336, 2540138.8632, 2544912.7638, 2561184.5007, 2563901.3265, 2564677.8711, 2551863.1351, 2530907.2453)), list(c(1133000.1036, 1131441.7402, 1101289.863, 1097362.0999, 1098326.2548, 1102420.2017, 1112697.4527, 1123513.1507, 1133000.1036, 2529630.3908, 2525772.085, 2544689.6424, 2551289.2511, 2558496.038, 2561291.7404, 2556701.8361, 2537711.823, 2529630.3908)), list(
    c(1093407.7126, 1083960.076, 1082464.0196, 1092707.55, 1098960.9178, 1093407.7126, 2562919.9137, 2568106.4273, 2577772.8596, 2578825.6293, 2568496.0471, 2562919.9137)), list(c(972854.9891, 966886.0535, 967984.928099999, 972301.0677, 976638.1943, 972854.9891, 2785174.8935, 2783992.2043, 2792956.0673, 2796926.2384, 2792569.0578, 2785174.8935)), list(c(957644.8901, 949058.2524, 943619.5669, 946352.613600001, 952629.282099999, 957644.8901, 2767500.4118, 2760745.4726, 2764291.1637, 2773121.6928, 2778734.82, 
2767500.4118)))
"43","Royaume-Uni",list(list(c(3643416.5744, 3639715.9275, 3636000.447, 3629855.9514, 3623764.2394, 3621607.8697, 3618580.281, 3612135.8245, 3613362.2229, 3620055.771, 3621754.3183, 3627185.7416, 3637706.7184, 3643744.4991, 3646516.0818, 3654897.084, 3659985.6806, 3674849.1446, 3670416.2422, 3682880.145, 3689648.8401, 3692326.9525, 3703335.9873, 3724691.9266, 3718269.5181, 3699247.8737, 3694463.4101, 3689388.6169, 3686916.126, 3683496.3908, 3679891.0245, 3636074.5076, 3615846.2278, 3603878.9794, 3562124.0194, 3554236.8822, 
3549917.0376, 3547730.9084, 3544106.781, 3540722.0982, 3534340.8886, 3524825.1017, 3519389.4475, 3525103.5572, 3499622.748, 3495970.6581, 3475757.905, 3478093.4265, 3474549.984, 3440067.1473, 3435532.0113, 3412061.7119, 3389028.0389, 3369080.1912, 3366195.5156, 3351236.9329, 3340263.8762, 3335306.6195, 3325209.6959, 3322815.768, 3320022.422, 3318908.0638, 3312078.9549, 3279565.5363, 3272038.3561, 3253404.9357, 3249035.7073, 3239986.506, 3224953.2146, 3207751.0286, 3211165.9147, 3240287.2979, 3259082.9671, 
3266628.1558, 3280691.0056, 3297037.5968, 3306083.6353, 3311121.9702, 3324102.0141, 3338303.4194, 3369157.1539, 3413617.8317, 3420726.5153, 3436236.4969, 3445250.9021, 3446880.5345, 3454609.8622, 3458893.1213, 3455242.4381, 3449231.9227, 3418182.1823, 3408915.9928, 3395668.1515, 3379715.6192, 3372913.4523, 3365915.7026, 3344768.4104, 3338195.3964, 3340928.9437, 3356470.9786, 3325591.0496, 3291735.0288, 3282146.476, 3284967.0842, 3281862.799, 3297212.6037, 3352836.008, 3382753.9767, 3373558.3898, 
3376141.8251, 3373443.3075, 3349358.4222, 3342131.3879, 3380794.8464, 3392606.8141, 3410784.1137, 3436880.4188, 3452274.3944, 3452256.0639, 3449823.8948, 3458271.0105, 3464414.4017, 3476071.4302, 3471545.5427, 3464374.935, 3461783.0678, 3459100.2328, 3470406.6829, 3478837.2462, 3465446.7434, 3468067.3856, 3480743.0596, 3480871.8948, 3486828.4539, 3485612.7661, 3466045.5303, 3455184.6728, 3445116.6184, 3468840.3473, 3477261.568, 3484884.9841, 3490108.8327, 3461227.1421, 3428205.7464, 3404869.8826, 
3397205.8777, 3375771.3237, 3364024.4215, 3356927.4707, 3359933.269, 3366184.7963, 3371431.1755, 3373359.542, 3381997.7705, 3384314.1151, 3401930.9122, 3403235.1805, 3393850.568, 3392227.4574, 3395787.1313, 3396189.7876, 3400433.9772, 3422410.7352, 3426880.1733, 3422447.7616, 3411197.8668, 3409628.9434, 3407099.9559, 3401428.862, 3401334.7163, 3412436.5137, 3400005.2078, 3384799.1244, 3367433.5194, 3362979.0269, 3373836.3299, 3375219.7825, 3372250.4625, 3363001.1639, 3357344.0802, 3343858.3861, 3332741.0178, 
3364929.893, 3377851.1389, 3368255.7672, 3349686.4668, 3326600.3589, 3332321.9843, 3346040.8451, 3363409.4178, 3371479.5172, 3361168.6627, 3356516.5107, 3343822.4032, 3328947.7664, 3336118.5502, 3355883.3199, 3360895.2894, 3362164.1668, 3369633.2626, 3395470.4689, 3378914.1209, 3380553.2861, 3386880.3771, 3389821.6317, 3420122.4643, 3418352.9104, 3423931.0917, 3427078.6393, 3437746.8346, 3454323.3253, 3496092.3875, 3564532.4171, 3561157.1257, 3555285.8766, 3500212.1241, 3493214.9866, 3499376.4286, 
3496583.8726, 3485234.3902, 3482783.8996, 3475224.9142, 3461377.2295, 3475111.0819, 3486827.523, 3526410.819, 3561339.241, 3574066.9994, 3578171.8192, 3602852.4103, 3613649.9416, 3615422.5425, 3591767.7577, 3580352.7471, 3564651.0116, 3550998.7884, 3520820.005, 3514743.6667, 3506431.7778, 3531835.1527, 3540078.7943, 3490919.8229, 3464997.4088, 3466493.0143, 3482977.0287, 3488330.0065, 3508634.7518, 3530875.0186, 3540180.2209, 3544058.7876, 3552262.0264, 3570116.0853, 3590143.3722, 3592155.2672, 3595987.8942, 
3595544.8107, 3599768.0418, 3600428.6192, 3601137.4062, 3601300.6412, 3601584.4133, 3603373.3336, 3603534.6818, 3603241.5236, 3602663.1062, 3602259.0269, 3602271.7749, 3601882.7456, 3601794.1867, 3602428.503, 3603502.0992, 3603188.9674, 3603123.7282, 3603081.2947, 3603050.3385, 3602801.8915, 3602418.8165, 3602091.8879, 3601814.5777, 3601610.9457, 3601495.8942, 3601459.8539, 3601285.5583, 3601019.7311, 3600686.6391, 3600180.1107, 3599583.7693, 3598172.5858, 3598986.1101, 3599654.5876, 3600182.3313, 
3602651.4522, 3603304.2124, 3603252.7339, 3603689.9677, 3603752.2926, 3604685.3457, 3604934.4598, 3605476.5401, 3605655.8859, 3625708.1223, 3638733.4745, 3656269.749, 3659730.2489, 3655098.1362, 3655004.029, 3663798.9465, 3667902.6709, 3655562.2869, 3647070.8728, 3635823.5885, 3617041.0205, 3642817.1764, 3661305.282, 3670455.4214, 3674470.1138, 3677453.1316, 3675421.6086, 3670345.8322, 3656528.8723, 3666632.8678, 3676126.9926, 3690391.3115, 3722026.0622, 3743037.5639, 3760200.0012, 3761888.2363, 
3743372.534, 3727121.6216, 3711052.5998, 3719335.8081, 3720115.9344, 3709229.8531, 3695327.906, 3691081.9744, 3695179.9203, 3693458.3885, 3671573.7473, 3686296.999, 3686127.7385, 3685340.1808, 3672641.5845, 3664855.621, 3655081.7723, 3646808.6989, 3643416.5744, 3198789.3973, 3201840.8092, 3202680.2786, 3202560.543, 3203484.5467, 3204117.0592, 3201701.3999, 3202967.9835, 3200894.5221, 3201443.2111, 3203837.3917, 3200517.0685, 3201429.1902, 3197624.8969, 3195085.8293, 3193610.7668, 3192633.5704, 3190785.5651, 
3182315.698, 3187569.9837, 3179432.9058, 3176223.9548, 3177848.8802, 3173543.4232, 3150674.0162, 3144287.9842, 3142723.295, 3137841.3696, 3129611.0306, 3129997.8818, 3130408.2581, 3116761.6033, 3124914.9778, 3129741.9739, 3125661.0106, 3138739.7825, 3134725.5676, 3138572.5546, 3136224.0408, 3139881.7253, 3138516.8377, 3147432.1056, 3152131.062, 3138611.1932, 3135259.5458, 3134147.6165, 3136794.456, 3129222.0536, 3124213.2642, 3130695.7436, 3133498.8271, 3148118.8853, 3146070.118, 3133124.8372, 3118046.8151, 
3102637.6161, 3105792.3963, 3115224.9628, 3117172.3619, 3122721.9644, 3132091.2652, 3138087.0746, 3128154.1577, 3128336.0978, 3120101.953, 3118129.8057, 3102192.9602, 3098101.2698, 3116174.4607, 3114556.3467, 3123386.0396, 3131113.235, 3145705.8061, 3158041.4357, 3160839.8962, 3172850.2505, 3192206.2293, 3200126.5658, 3197708.6231, 3215758.1796, 3214448.3687, 3201288.4747, 3214768.8002, 3228964.874, 3228508.3029, 3235492.6993, 3243806.7292, 3248428.0107, 3247444.4233, 3245831.7206, 3235811.0523, 
3227093.0009, 3226765.6755, 3239322.0114, 3245756.2996, 3258726.4585, 3255163.1992, 3259171.117, 3264198.7586, 3270329.0656, 3280482.9191, 3273669.5838, 3287800.2144, 3299758.3176, 3308255.6108, 3318061.9912, 3332103.8632, 3361870.9651, 3368270.7825, 3383672.5529, 3401947.7776, 3398437.6572, 3403468.4167, 3436064.0191, 3438782.4625, 3443097.176, 3442235.5247, 3429730.0855, 3433065.5434, 3442614.0417, 3446652.7856, 3432207.4518, 3430848.6998, 3433575.1773, 3439102.2874, 3447439.755, 3461493.1106, 
3475254.0594, 3476520.617, 3485111.2168, 3495893.6459, 3504407.0241, 3511736.1958, 3519591.0201, 3526832.8169, 3521015.3339, 3538148.5539, 3574206.2565, 3610730.5686, 3615578.934, 3612160.7785, 3617887.9864, 3621045.3203, 3606545.312, 3618275.3768, 3604026.8215, 3625385.5405, 3611616.7523, 3634526.9128, 3642454.6751, 3643677.6744, 3655914.6773, 3659204.8643, 3665970.616, 3670210.4542, 3690070.3464, 3701218.3108, 3714723.0842, 3719156.4318, 3726619.621, 3737426.8368, 3745344.8457, 3737033.0404, 3732757.1237, 
3737815.8616, 3744616.1668, 3748211.9334, 3750514.6414, 3749836.9269, 3757646.3724, 3771494.1022, 3757481.0644, 3732546.9841, 3742082.5813, 3726076.6747, 3718823.2672, 3703094.733, 3695442.502, 3697279.2579, 3714548.0371, 3694447.2996, 3693346.7554, 3789335.1716, 3816679.0437, 3816398.1724, 3801407.3642, 3805452.8926, 3831786.5854, 3847266.7881, 3856413.8432, 3879146.1666, 3882108.8484, 3893176.56, 3903063.7787, 3933323.9596, 3941691.8016, 3947074.8161, 3938473.9502, 3918486.4094, 3907106.3882, 3908044.5419, 
3916382.5199, 3929198.9014, 3935358.9239, 3959397.457, 3966813.6551, 3980132.2324, 3986308.8001, 3998833.6365, 4005234.8678, 4034834.9028, 4020219.9039, 4017809.5252, 3996767.8655, 3988423.1105, 3954359.5854, 3943394.1162, 3937044.5447, 3929689.5197, 3925462.3486, 3916956.1476, 3910084.5604, 3908521.0893, 3905163.7838, 3913655.2201, 3920865.6062, 3911995.5756, 3909700.7932, 3908969.3097, 3904659.478, 3895146.5801, 3880562.0207, 3842066.6181, 3819496.5298, 3804905.2749, 3784256.9476, 3779174.6586, 
3776253.4573, 3769760.67, 3775613.1032, 3754340.0254, 3736459.2974, 3751421.87, 3748684.175, 3734488.7936, 3732534.9545, 3723383.9763, 3732268.2203, 3724928.3692, 3721882.3549, 3715465.6892, 3697125.9514, 3664111.7103, 3610215.7832, 3594899.2539, 3585543.0715, 3569285.7589, 3568574.751, 3567829.1818, 3567751.0091, 3567463.1864, 3566133.5393, 3565815.5469, 3565505.1867, 3565792.2399, 3565486.4738, 3565052.2843, 3564675.5082, 3564111.8122, 3561766.4982, 3560128.2914, 3559853.6072, 3558747.8772, 3558454.5585, 
3558138.8934, 3557906.6038, 3557774.886, 3557477.5311, 3557046.749, 3556519.8877, 3555938.7906, 3555601.4982, 3555014.8241, 3554515.2308, 3554148.3445, 3553740.6931, 3553503.8322, 3553993.8787, 3553409.7094, 3553236.596, 3553323.837, 3555235.2224, 3555096.8448, 3555643.2784, 3556666.3383, 3557801.2879, 3558021.0643, 3558974.8385, 3558586.4933, 3558363.3454, 3546887.1467, 3534151.2121, 3497131.1777, 3492646.4563, 3484439.918, 3474761.6812, 3451294.2584, 3440686.9413, 3439559.4823, 3450670.9208, 3450747.5012, 
3449667.3705, 3448099.7816, 3425260.6345, 3416908.6351, 3401977.1697, 3390978.2304, 3376482.912, 3371703.0029, 3358758.6489, 3344375.0305, 3345086.9032, 3358599.3854, 3353352.7559, 3343625.3716, 3324800.7363, 3300995.7823, 3253514.434, 3241434.1726, 3240909.8454, 3237991.0995, 3231964.3696, 3223488.5131, 3224860.5533, 3225287.4155, 3217389.307, 3211007.3608, 3210859.3913, 3205626.4578, 3198891.4312, 3198958.1858, 3199658.7751, 3200561.1991, 3195493.7383, 3197272.4621, 3198789.3973)), list(c(3719949.684, 
3709339.2005, 3711757.7024, 3707337.9684, 3690553.2407, 3688172.7894, 3694374.7585, 3683839.0585, 3677165.4839, 3689438.566, 3688468.8436, 3695779.8402, 3699979.3926, 3700671.6438, 3706788.7975, 3714458.3671, 3730725.1763, 3732940.632, 3727884.1012, 3719949.684, 4210679.9222, 4194826.1972, 4184606.3604, 4182875.1796, 4141064.4665, 4148673.8397, 4169026.9612, 4171683.5086, 4182298.1685, 4193972.8372, 4208413.167, 4215677.357, 4214551.0821, 4200963.0883, 4202336.4891, 4225339.7188, 4235345.088, 4230889.1077, 
4214673.0042, 4210679.9222)), list(c(3667157.7392, 3660102.1377, 3664405.604, 3669525.8292, 3667157.7392, 4098860.1494, 4099070.4897, 4107649.427, 4105935.8748, 4098860.1494)), list(c(3655948.6201, 3652311.2566, 3650117.273, 3648333.8743, 3651922.2079, 3655948.6201, 4172148.9474, 4165978.9092, 4168401.8014, 4173285.5895, 4178321.4881, 4172148.9474)), list(c(3610147.4158, 3605057.2895, 3604512.1861, 3604730.7546, 3606982.1875, 3608781.3162, 3610147.4158, 4075577.3295, 4076014.9742, 4077816.5121, 4084400.2185, 
4086263.6892, 4086698.969, 4075577.3295)), list(c(3601715.9927, 3598433.2381, 3600675.0671, 3603448.9279, 3605670.5812, 3606016.874, 3601715.9927, 4058202.5606, 4058736.044, 4066429.152, 4067444.3681, 4067371.7482, 4063069.6978, 4058202.5606)), list(c(3593502.8297, 3591142.055, 3591354.5717, 3595601.2194, 3595602.882, 3593502.8297, 4068644.2855, 4069074.6328, 4078574.112, 4082456.7774, 4068262.6876, 4068644.2855)), list(c(3576562.4866, 3583163.0081, 3584597.9833, 3588959.655, 3590724.1136, 3587643.3675, 
3588961.9946, 3581203.1587, 3576236.2325, 3561658.1333, 3558776.5043, 3561581.6367, 3558986.0661, 3554506.7007, 3551568.1808, 3560237.3624, 3565829.0951, 3575099.0595, 3577080.4114, 3582082.6808, 3582125.6751, 3577473.0216, 3576562.4866, 4057968.2466, 4053954.0534, 4061940.9345, 4064881.3046, 4056037.327, 4051677.0787, 4045507.1548, 4042317.6227, 4051286.296, 4054433.8524, 4050598.9065, 4043802.8459, 4035064.9231, 4038277.3058, 4048573.8629, 4072567.4932, 4075932.892, 4074188.9771, 4078865.4932, 
4076965.8108, 4072882.0928, 4068555.6702, 4057968.2466)), list(c(3587424.4767, 3586635.0006, 3580269.6529, 3581314.5587, 3587424.4767, 4095695.997, 4084536.2123, 4086494.5641, 4092014.1767, 4095695.997)), list(c(3578337.2012, 3575775.6472, 3572529.1215, 3571975.0406, 3575795.5805, 3578337.2012, 4037484.8317, 4027838.0889, 4029581.1783, 4035220.4711, 4041456.5086, 4037484.8317)), list(c(3531687.3873, 3524084.4383, 3512487.1542, 3511279.6528, 3527332.9955, 3539199.9904, 3531687.3873, 3114865.6687, 
3113179.3039, 3124652.1292, 3127752.4417, 3134233.2843, 3123897.7232, 3114865.6687)), list(c(3503285.0792, 3499109.1758, 3495353.1007, 3498474.427, 3503571.3595, 3503285.0792, 4080066.7323, 4076893.6196, 4079127.0371, 4086032.9571, 4085946.8934, 4080066.7323)), list(c(3377976.3414, 3368941.9588, 3363388.5411, 3359481.5748, 3354827.3568, 3360614.8214, 3370478.9935, 3387307.9488, 3377976.3414, 3436625.0555, 3429670.6551, 3431733.9909, 3440350.395, 3452096.1718, 3462593.0004, 3463580.3526, 3445680.7813, 
3436625.0555)), list(c(3356830.7283, 3319668.1527, 3316296.2871, 3326880.0283, 3321327.5957, 3321066.3815, 3327342.0863, 3374844.6293, 3381206.131, 3384034.1183, 3379949.6279, 3367762.7508, 3356830.7283, 3985850.4859, 3968067.8546, 3975267.7769, 3986691.7726, 3994578.43, 4008786.7132, 4019952.3644, 4038307.6823, 4042791.572, 4036160.1252, 4023332.6583, 4010351.7701, 3985850.4859)), list(c(3381289.1379, 3375419.0256, 3372005.1258, 3380334.4288, 3381289.1379, 4011184.5959, 4003306.4444, 4008852.836, 
4015922.7549, 4011184.5959)), list(c(3352426.0148, 3329844.9462, 3321607.1027, 3320354.0088, 3301941.7551, 3310316.2743, 3304746.2068, 3298434.5765, 3292226.2006, 3303402.2686, 3316906.5969, 3323334.9852, 3345546.2826, 3352278.1414, 3352426.0148, 3772905.2549, 3745165.5931, 3742898.3332, 3729943.2181, 3726954.4742, 3745494.9833, 3746787.4747, 3739551.1705, 3740069.5101, 3757396.3254, 3759755.3136, 3756700.8819, 3774447.249, 3777702.2287, 3772905.2549)), list(c(3348308.856, 3343676.082, 3339870.6687, 
3348641.5673, 3348308.856, 3862853.7398, 3861109.7178, 3864997.022, 3872834.2676, 3862853.7398)), list(c(3343285.7314, 3336547.0867, 3330541.6795, 3338468.717, 3343285.7314, 3878679.3901, 3872036.3685, 3881721.8641, 3885759.3234, 3878679.3901)), list(c(3309324.5364, 3308298.6087, 3319641.5739, 3306910.9417, 3303102.9282, 3306364.3956, 3325773.9555, 3327270.1072, 3323936.6823, 3320496.6471, 3318644.6514, 3315245.2429, 3317796.5789, 3312381.3969, 3297096.1842, 3288529.4851, 3279915.3764, 3267014.1543, 
3244775.7711, 3242212.8058, 3245165.7368, 3236786.8856, 3235160.6678, 3227130.3006, 3214939.1322, 3213799.01, 3202324.3483, 3183111.9928, 3170517.2335, 3159526.2675, 3158667.054, 3169300.1265, 3190028.4694, 3185368.1451, 3199681.2919, 3230329.8204, 3236307.3611, 3242710.592, 3247928.4772, 3253085.6809, 3283025.4448, 3298873.3874, 3305613.8226, 3307111.6743, 3309324.5364, 3662898.0989, 3654835.0562, 3630708.2458, 3621319.4059, 3617512.207, 3615145.1828, 3610453.0617, 3595278.7118, 3585129.6202, 3584625.0681, 
3599254.4862, 3593168.8097, 3579098.1412, 3570662.0337, 3570843.3952, 3557445.4183, 3553028.2659, 3563205.956, 3561762.782, 3567727.137, 3577208.3284, 3583008.584, 3596830.4259, 3607505.0223, 3602580.7288, 3591305.6173, 3582043.8704, 3588491.2148, 3601028.0119, 3624743.4276, 3628990.1638, 3636400.7935, 3639927.6697, 3651778.4127, 3654382.2656, 3682748.4666, 3678562.4067, 3678418.2521, 3683941.1524, 3690332.7567, 3690376.7988, 3682886.298, 3680533.4061, 3670054.9004, 3662898.0989)), list(c(3324421.1206, 
3319389.5738, 3313945.8919, 3322635.9987, 3324421.1206, 3780946.005, 3768989.6439, 3771027.7087, 3782755.8988, 3780946.005)), list(c(3317889.0663, 3308595.0535, 3308300.3364, 3317737.9667, 3321088.778, 3317889.0663, 3840094.043, 3836846.4402, 3839910.8448, 3847526.8595, 3846604.8204, 3840094.043)), list(c(3287351.3317, 3279480.0083, 3279157.2092, 3291116.6969, 3283615.9589, 3289803.197, 3300948.1008, 3307313.7693, 3312978.3179, 3307925.1721, 3305320.6634, 3304369.73, 3297841.8088, 3287351.3317, 3902960.9683, 
3904913.7469, 3918139.1141, 3950391.0373, 3960738.7222, 3966510.649, 3964795.5658, 3969969.0722, 3963913.2171, 3954689.1477, 3955329.8964, 3947573.8127, 3937995.0088, 3902960.9683)), list(c(3291651.7735, 3289421.0067, 3284542.6649, 3284834.5105, 3295626.549, 3296946.2754, 3291651.7735, 3831265.3814, 3826889.8834, 3828984.6371, 3834799.9286, 3836120.5247, 3832099.5848, 3831265.3814)), list(c(3275485.424, 3269786.7964, 3265942.9897, 3266781.1324, 3275485.424, 3894338.1177, 3888059.7982, 3891374.8155, 
3898784.3881, 3894338.1177)), list(c(3166144.723, 3156927.6593, 3155841.7065, 3164390.7902, 3166144.723, 3110195.2217, 3104783.4571, 3111360.2553, 3116446.2793, 3110195.2217)))
